"","Coordinate","Area","TerritoryID","Year","temp_brood","sd_temp_brood","snow_prebrood","sd_snow_prebrood","snowfree_jd","snowstart_jd"
"1","103357/6651189",1,10,1990,2.8,1.4560219778561,176.3,25.7421468607418,203,261
"2","103357/6651189",1,10,1991,8.2047619047619,4.49971956798156,117.339393939394,9.55961359685694,189,267
"3","103357/6651189",1,10,1992,5.29047619047619,2.55164746034886,157.112121212121,34.5719788771897,182,258
"4","103357/6651189",1,10,1993,3.64761904761905,2.87708516516614,166.748484848485,25.4879888527435,206,264
"5","103357/6651189",1,10,1994,8.13809523809524,2.74726704025586,177.387878787879,8.32157427923638,206,271
"6","103357/6651189",1,10,1995,6.27619047619048,4.43575300956949,182.557575757576,12.4250007621486,202,268
"7","103357/6651189",1,10,1996,5.44285714285714,2.46141654917883,50.1666666666667,5.35330894556504,164,271
"8","103357/6651189",1,10,1997,7.37142857142857,2.60885853528758,165.321212121212,7.03081421208443,192,275
"9","103357/6651189",1,10,1998,5.39047619047619,1.65193969681244,126.693939393939,24.1936579938052,184,288
"10","103357/6651189",1,10,1999,6.75714285714286,3.48734446657789,169.945454545455,8.87510883415983,199,275
"11","103357/6651189",1,10,2000,5.13333333333333,2.82565626595546,150.112121212121,26.4557739158175,201,284
"12","103357/6651189",1,10,2001,8.96190476190476,3.21005859611257,163.236363636364,23.3284137129732,192,274
"13","103357/6651189",1,10,2002,5.01428571428571,2.54662241297875,146.939393939394,28.5221727279184,184,280
"14","103357/6651189",1,10,2003,8.53333333333333,2.60774487504689,126.184848484848,14.0826160835825,180,280
"15","103357/6651189",1,10,2004,5.2,1.76096564418503,92.7393939393939,20.7126763630684,180,277
"16","103357/6651189",1,10,2005,7.32380952380952,3.47719783186185,174.781818181818,10.1593385164049,203,272
"17","103357/6651189",1,10,2006,7.83333333333333,3.45837148573333,137.718181818182,12.8401580633148,184,279
"18","103357/6651189",1,10,2007,6.17142857142857,1.72399038777566,229.912121212121,5.33032348782403,213,258
"19","103357/6651189",1,10,2008,6.14285714285714,3.71329657158857,237.384848484848,22.87706440428,212,275
"20","103357/6651189",1,10,2009,10.6809523809524,3.24786376678873,171.1,13.730372354747,192,274
"21","103357/6651189",1,10,2010,7.85714285714286,2.66694046213473,150.318181818182,18.2868028668466,188,264
"22","103357/6651189",1,10,2011,8.14761904761905,2.648701388911,101.227272727273,12.8733803041216,180,266
"23","103357/6651189",1,10,2012,6.15238095238095,2.4522681434988,191.80303030303,19.108955440586,205,270
"24","103357/6651189",1,10,2013,6.65714285714286,2.88627293036737,169.369696969697,25.6867120906959,190,260
"25","103357/6651189",1,10,2014,8.32857142857143,3.57842742795531,214.375757575758,29.3608586206091,197,280
"26","103357/6651189",1,10,2015,6.3,3.4407847942003,242.109090909091,9.51355492298895,233,213
"27","103357/6651189",1,10,2016,5.61904761904762,2.18165511656152,216.363636363636,26.8040903849326,201,275
"28","103357/6651189",1,10,2017,5.00952380952381,2.36175882805691,120.466666666667,35.4448309583593,176,278
"29","103357/6651189",1,10,2018,12.3190476190476,2.32564379207544,147.821212121212,58.2408080600265,174,264
"30","103357/6651189",1,10,2019,7.52380952380952,4.06225365553467,94.969696969697,19.6771200390276,177,277
"31","103357/6651189",1,10,2020,5.41904761904762,4.68354769887305,279.372727272727,11.9794687050197,224,214
"32","103921/6676775",1,6,1990,6.88095238095238,1.11068404491063,87.6939393939394,41.629248577427,163,264
"33","103921/6676775",1,6,1991,11.747619047619,4.03492491226529,62.5333333333333,27.9989806362065,160,275
"34","103921/6676775",1,6,1992,9.34761904761905,2.33936295764874,96.3757575757576,44.6923024014135,156,292
"35","103921/6676775",1,6,1993,7.5,2.37086482111486,120.654545454545,45.2535364012381,170,289
"36","103921/6676775",1,6,1994,11.6333333333333,2.36206124673628,120.915151515152,35.5417810577576,176,274
"37","103921/6676775",1,6,1995,10.0619047619048,3.9393497167015,171.648484848485,19.4091009775717,180,275
"38","103921/6676775",1,6,1996,8.64761904761905,2.10680303958843,1.88787878787879,4.44464267234707,117,304
"39","103921/6676775",1,6,1997,10.7904761904762,2.28842844806316,93.7212121212121,27.8721047552001,161,290
"40","103921/6676775",1,6,1998,8.8,1.39391534893623,28.5212121212121,28.2000638028507,146,290
"41","103921/6676775",1,6,1999,9.96190476190476,3.0905462608536,77.6484848484849,28.0201838102032,162,296
"42","103921/6676775",1,6,2000,8.78095238095238,2.42376134295831,54.0606060606061,43.3725427214178,155,302
"43","103921/6676775",1,6,2001,12.1333333333333,2.85732975579182,129.345454545455,41.7447383728558,172,298
"44","103921/6676775",1,6,2002,8.44285714285714,2.11413609509214,31.7212121212121,31.9526872654687,145,280
"45","103921/6676775",1,6,2003,11.7761904761905,2.14380613906779,63.3848484848485,27.9981374515802,156,280
"46","103921/6676775",1,6,2004,8.56190476190476,1.30593881574758,10.7333333333333,16.8463584096584,135,309
"47","103921/6676775",1,6,2005,11.2285714285714,2.93566736146023,56.1727272727273,24.0914050120483,158,296
"48","103921/6676775",1,6,2006,11.1714285714286,2.98682822692281,28.5030303030303,27.9314728940366,148,299
"49","103921/6676775",1,6,2007,9.62380952380952,1.49060550176925,74.4484848484849,26.7212710355921,160,311
"50","103921/6676775",1,6,2008,9.78571428571428,3.37554228447604,108.466666666667,38.4155133594056,161,279
"51","103921/6676775",1,6,2009,13.7619047619048,3.2800116143813,8.59090909090909,10.6889652105677,139,274
"52","103921/6676775",1,6,2010,11.1809523809524,2.08605346231084,42.5545454545455,29.9234031623775,152,293
"53","103921/6676775",1,6,2011,10.9571428571429,2.26264699601406,0.0848484848484849,0.265896140580787,122,317
"54","103921/6676775",1,6,2012,9.87142857142857,2.18246256718022,44.5636363636364,28.5967635644951,149,289
"55","103921/6676775",1,6,2013,9.61428571428571,2.60850258084705,46.4363636363636,35.667332902302,148,294
"56","103921/6676775",1,6,2014,11.4619047619048,3.49692381822598,92.5545454545455,39.0674424146012,160,291
"57","103921/6676775",1,6,2015,9.90952380952381,3.25452066545978,92.9242424242424,21.1736721883426,171,282
"58","103921/6676775",1,6,2016,9.08571428571429,1.9716200735146,99.7060606060606,35.7003583612435,159,297
"59","103921/6676775",1,6,2017,8.48571428571429,2.0799725272911,24.4393939393939,24.7301554204823,143,284
"60","103921/6676775",1,6,2018,14.5904761904762,1.8474048722207,51.1606060606061,45.6639144962542,147,276
"61","103921/6676775",1,6,2019,10.3238095238095,3.38377079039121,10.6393939393939,10.699384894526,140,281
"62","103921/6676775",1,6,2020,8.48571428571429,3.78157185761235,121.975757575758,18.5933292860476,170,294
"63","116219/6706429",1,12,1990,5.45714285714286,1.136913113906,55.2333333333333,29.416339705454,162,267
"64","116219/6706429",1,12,1991,10.6666666666667,4.012272838845,49.1363636363636,20.2369374255008,162,273
"65","116219/6706429",1,12,1992,7.40476190476191,2.42084204162027,70.0121212121212,36.2999290424217,155,293
"66","116219/6706429",1,12,1993,6.1,2.3792856070678,63.1030303030303,35.4958226842301,162,277
"67","116219/6706429",1,12,1994,9.80476190476191,2.55547964000424,51.8969696969697,21.6634121973041,165,271
"68","116219/6706429",1,12,1995,7.96190476190476,3.72940694889632,81.7454545454545,17.8003000485436,167,270
"69","116219/6706429",1,12,1996,7.28571428571429,2.11193885192865,3.88787878787879,4.41239430296619,116,284
"70","116219/6706429",1,12,1997,9.58571428571429,2.36458996747548,68.5454545454545,19.3585912921933,162,275
"71","116219/6706429",1,12,1998,7.40952380952381,1.33562897613999,40.0757575757576,23.7621551829668,155,288
"72","116219/6706429",1,12,1999,8.36190476190476,2.91075182564165,54.469696969697,20.4100233471278,160,284
"73","116219/6706429",1,12,2000,6.86190476190476,2.37980591445525,20.0939393939394,24.0503890222427,142,300
"74","116219/6706429",1,12,2001,10.5666666666667,2.86205054695638,78.6848484848485,35.6935403925917,167,298
"75","116219/6706429",1,12,2002,7.2047619047619,2.20917998145832,28.5212121212121,28.6502809494924,145,280
"76","116219/6706429",1,12,2003,10.3761904761905,2.29453802799273,38.5272727272727,19.3318111012534,153,280
"77","116219/6706429",1,12,2004,7.45238095238095,1.68926583095114,6.25151515151515,10.1295706107207,134,291
"78","116219/6706429",1,12,2005,9.24761904761905,3.02251865959816,62.6606060606061,18.7133297977995,166,296
"79","116219/6706429",1,12,2006,9.91904761904762,3.15097112770318,18.6484848484848,19.5168696454523,150,292
"80","116219/6706429",1,12,2007,8.17142857142857,1.53660107286923,36.0030303030303,15.7195039053497,157,307
"81","116219/6706429",1,12,2008,8.18095238095238,3.36253164261975,37.3969696969697,25.9515231350744,154,275
"82","116219/6706429",1,12,2009,12.1238095238095,2.87365703623532,16.5030303030303,13.4379240595526,146,274
"83","116219/6706429",1,12,2010,9.83333333333333,2.10222104768584,41.7666666666667,23.5772224120371,156,295
"84","116219/6706429",1,12,2011,9.79523809523809,2.34616201283632,1.09393939393939,1.97404081042215,129,283
"85","116219/6706429",1,12,2012,8.55238095238095,2.04783276846989,40.7787878787879,21.7383123421495,156,270
"86","116219/6706429",1,12,2013,8.54285714285714,2.46385296407302,16.7181818181818,18.5764880720471,141,295
"87","116219/6706429",1,12,2014,10.2428571428571,3.63298381892508,36.2060606060606,25.7519894788968,150,281
"88","116219/6706429",1,12,2015,8.35714285714286,3.50322300582926,49.6666666666667,10.4156632850081,168,282
"89","116219/6706429",1,12,2016,7.87142857142857,1.93910877908973,51.0606060606061,27.906058251233,155,297
"90","116219/6706429",1,12,2017,7.41904761904762,2.01807310264496,4.05454545454545,6.9649610062212,135,284
"91","116219/6706429",1,12,2018,13.1333333333333,2.2023472326891,7.63030303030303,12.6286500874125,133,271
"92","116219/6706429",1,12,2019,8.94761904761905,3.45175593685577,0.139393939393939,0.398386898896188,119,275
"93","116219/6706429",1,12,2020,7.19047619047619,4.05436860212595,47.3121212121212,14.9034550854776,158,285
"94","124371/6674958",1,4,1990,4.73809523809524,1.2471873117043,93.8272727272727,30.7251960197904,172,266
"95","124371/6674958",1,4,1991,9.97142857142857,4.21996953272685,79.3606060606061,15.3207159467569,175,267
"96","124371/6674958",1,4,1992,7.03333333333333,2.46502197420902,103.869696969697,38.5417264536801,161,290
"97","124371/6674958",1,4,1993,5.39047619047619,2.59959703837052,93.1,35.8717681471098,175,277
"98","124371/6674958",1,4,1994,9.58571428571429,2.54622970571897,100.775757575758,18.0179603157348,183,271
"99","124371/6674958",1,4,1995,7.75714285714286,4.06098158436743,122.663636363636,15.7601716793833,178,271
"100","124371/6674958",1,4,1996,6.78095238095238,2.20830682823267,6.74242424242424,6.20413321418826,135,289
"101","124371/6674958",1,4,1997,8.9,2.44028686838249,95.4090909090909,11.105020363454,169,275
"102","124371/6674958",1,4,1998,6.85238095238095,1.41089299651641,76.1757575757576,27.1456261474919,167,288
"103","124371/6674958",1,4,1999,8.06190476190476,3.19757348476563,87.9878787878788,18.1680653478803,170,276
"104","124371/6674958",1,4,2000,6.59523809523809,2.57749416885396,43.4181818181818,32.8364360747464,161,300
"105","124371/6674958",1,4,2001,10.2952380952381,3.00041267002994,117.372727272727,33.950849333331,177,297
"106","124371/6674958",1,4,2002,6.54285714285714,2.31204918385648,46.8787878787879,35.4143840619154,153,280
"107","124371/6674958",1,4,2003,9.89047619047619,2.33878275218216,68.9090909090909,19.3890008064554,160,280
"108","124371/6674958",1,4,2004,6.7047619047619,1.5612418744308,13.669696969697,17.1589715026951,147,290
"109","124371/6674958",1,4,2005,9.0047619047619,3.1469788989563,85.2,15.273772454767,172,273
"110","124371/6674958",1,4,2006,9.32380952380952,3.18432171143318,37.069696969697,22.2183972876151,158,292
"111","124371/6674958",1,4,2007,7.79047619047619,1.52902085070962,76.7212121212121,17.4492076749877,167,311
"112","124371/6674958",1,4,2008,7.76190476190476,3.51218965753221,84.9545454545455,28.9125307058753,164,275
"113","124371/6674958",1,4,2009,11.9047619047619,3.33188778179521,24.1030303030303,16.1051716237457,151,276
"114","124371/6674958",1,4,2010,9.31428571428571,2.22829210703752,59.2,23.9736443829469,161,268
"115","124371/6674958",1,4,2011,9.2952380952381,2.3195853488234,3.38787878787879,5.34010519417441,132,283
"116","124371/6674958",1,4,2012,7.96190476190476,2.26770284439478,61.8818181818182,23.3860328848419,164,270
"117","124371/6674958",1,4,2013,8.23809523809524,2.70526822893335,69.5575757575758,27.7523876259214,161,295
"118","124371/6674958",1,4,2014,9.7047619047619,3.59158407815774,92.7272727272727,34.08992036445,164,281
"119","124371/6674958",1,4,2015,8.28095238095238,3.46664377281818,92.6878787878788,4.9044468072198,180,282
"120","124371/6674958",1,4,2016,7.33809523809524,2.01481418261739,90.269696969697,31.2019679352169,163,292
"121","124371/6674958",1,4,2017,6.96190476190476,2.1010654893354,19.9727272727273,19.1873863632999,144,294
"122","124371/6674958",1,4,2018,13.4904761904762,2.19018372788786,24.1757575757576,28.4510877461547,142,271
"123","124371/6674958",1,4,2019,9.03809523809524,3.72645625098111,1.8,3.8669270745645,119,277
"124","124371/6674958",1,4,2020,7.09047619047619,4.34602171668582,77.5878787878788,16.0897241581342,166,285
"125","128506/6705519",1,11,1990,5.71428571428571,1.14511384337354,40.8545454545455,29.0285106717203,158,266
"126","128506/6705519",1,11,1991,10.8333333333333,4.02943337621226,45.0727272727273,20.8757974806843,160,273
"127","128506/6705519",1,11,1992,7.68095238095238,2.46731008339427,53.1181818181818,33.6643492301709,152,293
"128","128506/6705519",1,11,1993,6.36190476190476,2.36885546002203,38.4,29.5475675817824,152,277
"129","128506/6705519",1,11,1994,10.1857142857143,2.5338282724537,35.7454545454545,20.8735791568715,158,271
"130","128506/6705519",1,11,1995,8.27619047619048,3.80721745660854,70.4939393939394,18.5449106797852,163,270
"131","128506/6705519",1,11,1996,7.5047619047619,2.09391408383348,5.61818181818182,6.29649974913913,119,292
"132","128506/6705519",1,11,1997,9.75714285714286,2.38800574299381,54.4212121212121,19.2863740367351,158,275
"133","128506/6705519",1,11,1998,7.57619047619048,1.30495393095111,37.6757575757576,24.4415761345171,154,288
"134","128506/6705519",1,11,1999,8.62857142857143,2.99685549487173,46.930303030303,20.7397186102006,157,284
"135","128506/6705519",1,11,2000,7.12857142857143,2.47974653082585,14.0757575757576,19.5164198545582,138,300
"136","128506/6705519",1,11,2001,10.8333333333333,2.84417533449211,90.2121212121212,37.7537726390999,169,298
"137","128506/6705519",1,11,2002,7.35714285714286,2.18256075025907,22.6515151515152,25.5698690015725,142,287
"138","128506/6705519",1,11,2003,10.5428571428571,2.27190920341712,36.1090909090909,19.4895703460268,152,280
"139","128506/6705519",1,11,2004,7.56666666666667,1.63380945441423,4.3,7.57380353587284,132,290
"140","128506/6705519",1,11,2005,9.59047619047619,3.06608949019835,52.4848484848485,18.7430340595533,161,294
"141","128506/6705519",1,11,2006,10.0571428571429,3.15445263533492,23.0272727272727,21.5294605240016,151,292
"142","128506/6705519",1,11,2007,8.47142857142857,1.48934309584557,29.0424242424242,15.2673268432753,155,311
"143","128506/6705519",1,11,2008,8.33809523809524,3.3680077479834,40.1545454545455,27.2340904349343,154,275
"144","128506/6705519",1,11,2009,12.1714285714286,3.00751439849302,19.4030303030303,15.4317749475005,147,277
"145","128506/6705519",1,11,2010,9.95714285714286,2.05902195922516,50.9121212121212,25.4638071286453,158,296
"146","128506/6705519",1,11,2011,9.83809523809524,2.28636746619527,0.739393939393939,1.42958459743106,128,283
"147","128506/6705519",1,11,2012,8.73809523809524,2.04168464520753,35.9818181818182,21.7626034538818,150,270
"148","128506/6705519",1,11,2013,8.75238095238095,2.49391640750428,29.5575757575758,24.402318413204,147,295
"149","128506/6705519",1,11,2014,10.2857142857143,3.6614595060284,54.8424242424242,31.8826954465803,154,281
"150","128506/6705519",1,11,2015,8.96190476190476,3.59269762023973,62.1333333333333,12.0727137242074,170,282
"151","128506/6705519",1,11,2016,8.07619047619048,1.95445766439306,61.9545454545455,31.2376484681255,156,292
"152","128506/6705519",1,11,2017,7.72857142857143,1.92513450364977,4.61818181818182,9.00772080444932,135,285
"153","128506/6705519",1,11,2018,13.4904761904762,2.18126219467187,15.6909090909091,21.5628204851018,138,276
"154","128506/6705519",1,11,2019,9.31904761904762,3.49751612542659,1.43636363636364,1.77320652030054,136,275
"155","128506/6705519",1,11,2020,7.63333333333333,4.24915677909551,57.9242424242424,17.0948645487291,160,294
"156","130174/6687219",1,2,1990,3.92380952380952,1.30839778427845,101.081818181818,25.5728549264823,177,261
"157","130174/6687219",1,2,1991,9.28095238095238,4.26129311918566,87.6515151515152,12.4846185667635,180,267
"158","130174/6687219",1,2,1992,5.92857142857143,2.55012604730489,117.445454545455,35.4561532997896,166,290
"159","130174/6687219",1,2,1993,4.55714285714286,2.64283397673244,90.1060606060606,30.9060869752418,178,256
"160","130174/6687219",1,2,1994,8.70952380952381,2.68158623987832,117.321212121212,10.8120811356949,190,271
"161","130174/6687219",1,2,1995,6.66190476190476,4.1315222606778,134.815151515152,14.3833914901033,181,268
"162","130174/6687219",1,2,1996,6.0047619047619,2.26968636390057,33.0575757575758,6.28535153665998,159,256
"163","130174/6687219",1,2,1997,8.05714285714286,2.49751304872896,106.293939393939,5.80710445241104,175,275
"164","130174/6687219",1,2,1998,5.99047619047619,1.45186251480805,102.6,23.0047277749597,177,288
"165","130174/6687219",1,2,1999,7.17142857142857,3.1940793442153,97.7363636363636,13.1913280742932,177,275
"166","130174/6687219",1,2,2000,5.57619047619048,2.6769207612301,54.2545454545455,31.4933831434189,172,284
"167","130174/6687219",1,2,2001,9.46190476190476,3.00773605731557,134.948484848485,27.1077378391775,185,274
"168","130174/6687219",1,2,2002,5.73809523809524,2.33954615053352,57.8060606060606,33.5620408664493,156,287
"169","130174/6687219",1,2,2003,9.03809523809524,2.43299736754403,82.3030303030303,12.8736524743486,166,280
"170","130174/6687219",1,2,2004,5.91904761904762,1.74144165782809,31.3757575757576,20.1133822103443,155,260
"171","130174/6687219",1,2,2005,7.94761904761905,3.33280948264659,101.421212121212,8.19144971814199,181,273
"172","130174/6687219",1,2,2006,8.45238095238095,3.34344418939797,53.6969696969697,16.144300171587,164,292
"173","130174/6687219",1,2,2007,6.92857142857143,1.52648054594314,90.2121212121212,9.17345891607132,173,264
"174","130174/6687219",1,2,2008,6.74761904761905,3.53901385241977,100.20303030303,22.2996844827523,175,275
"175","130174/6687219",1,2,2009,10.8904761904762,3.22054417170527,52.4181818181818,19.4584726813517,164,276
"176","130174/6687219",1,2,2010,8.32857142857143,2.33198260223846,72.7606060606061,20.0152120178931,167,268
"177","130174/6687219",1,2,2011,8.5,2.42837394155019,9.75454545454545,9.1377339542242,153,278
"178","130174/6687219",1,2,2012,7.13333333333333,2.25062954155795,78.2666666666667,19.9823620142031,173,270
"179","130174/6687219",1,2,2013,7.34761904761905,2.64208611661676,78.9545454545455,22.1580979964026,165,261
"180","130174/6687219",1,2,2014,8.78571428571429,3.65216178643358,110.5,30.1072042873462,170,280
"181","130174/6687219",1,2,2015,7.34761904761905,3.50094545053462,102.184848484848,2.87457836170381,186,282
"182","130174/6687219",1,2,2016,6.48571428571429,2.05214173835184,103.109090909091,28.2570827806539,167,292
"183","130174/6687219",1,2,2017,6.08095238095238,2.08868835579151,24.1151515151515,20.6295013453446,146,278
"184","130174/6687219",1,2,2018,12.4333333333333,2.33266657140135,21.2121212121212,25.8061009934637,141,271
"185","130174/6687219",1,2,2019,8.01904761904762,3.77685306142813,2.03939393939394,4.11498324677174,122,277
"186","130174/6687219",1,2,2020,6.10952380952381,4.41133820534141,66.9606060606061,12.272681537513,165,285
"187","138122/6674158",1,1,1990,4.57619047619048,1.29108665933188,77.869696969697,29.7096941759807,168,261
"188","138122/6674158",1,1,1991,9.82857142857143,4.3091928312786,82.4575757575758,15.0099556608071,177,267
"189","138122/6674158",1,1,1992,6.81428571428571,2.50425352436324,96.6242424242424,37.9343843885649,160,290
"190","138122/6674158",1,1,1993,5.24285714285714,2.65547951010198,71.2636363636364,33.6230279921907,165,257
"191","138122/6674158",1,1,1994,9.55714285714286,2.5900910077778,95.1,15.929924670255,183,271
"192","138122/6674158",1,1,1995,7.6,4.14511760991169,112.40303030303,16.0097135524126,176,269
"193","138122/6674158",1,1,1996,6.63333333333333,2.1927912197319,8.17878787878788,6.35879103956471,151,256
"194","138122/6674158",1,1,1997,8.64285714285714,2.46324408627554,95.1242424242424,9.38116564928868,169,275
"195","138122/6674158",1,1,1998,6.65714285714286,1.42217137805942,88.5060606060606,26.9675724180211,171,288
"196","138122/6674158",1,1,1999,7.99047619047619,3.24883129169626,92.3060606060606,17.1937477625215,171,275
"197","138122/6674158",1,1,2000,6.38571428571429,2.67231841558706,42.9,32.9484256073033,162,284
"198","138122/6674158",1,1,2001,10.1809523809524,3.00426680699618,142.445454545455,33.4147805142901,183,274
"199","138122/6674158",1,1,2002,6.34285714285714,2.29729654780819,54.030303030303,37.5928806827876,154,280
"200","138122/6674158",1,1,2003,9.68571428571429,2.36268612267599,79.5666666666667,18.4656042865287,163,280
"201","138122/6674158",1,1,2004,6.50952380952381,1.58332080195542,25.8060606060606,21.6148811498285,152,260
"202","138122/6674158",1,1,2005,8.87142857142857,3.25640029129449,82.7090909090909,13.6933232735055,173,273
"203","138122/6674158",1,1,2006,9.09047619047619,3.22783282744084,44.969696969697,21.1343837863871,161,292
"204","138122/6674158",1,1,2007,7.67619047619048,1.51059748507164,87.3424242424242,16.4763472571864,169,310
"205","138122/6674158",1,1,2008,7.52857142857143,3.54191231641085,93.1424242424242,27.619524687065,169,275
"206","138122/6674158",1,1,2009,11.5714285714286,3.41762239826796,23.4030303030303,15.6231295850192,150,276
"207","138122/6674158",1,1,2010,9.0047619047619,2.2471039563127,66.0575757575758,22.9861375385121,162,268
"208","138122/6674158",1,1,2011,8.99047619047619,2.30475698543355,3.21212121212121,5.08746975272075,132,283
"209","138122/6674158",1,1,2012,7.73809523809524,2.24821622413775,57.7424242424242,23.0255432930342,163,270
"210","138122/6674158",1,1,2013,8.10952380952381,2.68251836189517,73.9090909090909,26.0910708341518,162,296
"211","138122/6674158",1,1,2014,9.40476190476191,3.63489699860618,86.5515151515151,33.31593201094,163,280
"212","138122/6674158",1,1,2015,8.36666666666667,3.44751117958062,74.1787878787879,4.33501424275036,176,282
"213","138122/6674158",1,1,2016,7.16666666666667,2.0365002659792,75.3606060606061,31.5738018319177,159,292
"214","138122/6674158",1,1,2017,6.88571428571429,2.04653016451889,15.7939393939394,16.5532651498492,142,294
"215","138122/6674158",1,1,2018,13.4285714285714,2.26431951304202,22.1606060606061,27.0891345768227,141,271
"216","138122/6674158",1,1,2019,8.96666666666667,3.78012345477411,2.19393939393939,4.6866792210703,120,275
"217","138122/6674158",1,1,2020,7.14761904761905,4.53228629365126,67.1878787878788,16.1512916971011,163,285
"218","141217/6684930",1,3,1990,7.01428571428571,1.17570647454444,27.2727272727273,31.6858631009879,146,267
"219","141217/6684930",1,3,1991,11.8571428571429,4.10384836812612,48.6393939393939,26.5780917697492,154,273
"220","141217/6684930",1,3,1992,9.25238095238095,2.42541110899143,62.3787878787879,40.2543379461748,150,290
"221","141217/6684930",1,3,1993,7.69047619047619,2.33493142552512,46.4393939393939,37.2260824170529,150,289
"222","141217/6684930",1,3,1994,11.8809523809524,2.3792055496781,49.2484848484848,32.0597890784948,156,271
"223","141217/6684930",1,3,1995,10.0619047619048,3.93185403982348,87.6484848484849,20.9048905942503,164,275
"224","141217/6684930",1,3,1996,8.66666666666667,2.04995934919045,2.28181818181818,3.14885440929064,6,292
"225","141217/6684930",1,3,1997,10.7714285714286,2.37679255660709,47.1757575757576,26.0537548913663,153,290
"226","141217/6684930",1,3,1998,8.75714285714286,1.29945043328764,33.8151515151515,29.9851225736627,150,288
"227","141217/6684930",1,3,1999,10.0857142857143,3.17919576532898,48.1424242424242,26.2649484853748,154,284
"228","141217/6684930",1,3,2000,8.66666666666667,2.59293913027925,12.3424242424242,19.2710441839407,135,301
"229","141217/6684930",1,3,2001,12.2428571428571,2.81896637592069,127.075757575758,41.6543667451492,171,296
"230","141217/6684930",1,3,2002,8.45238095238095,2.10585351998164,13.3272727272727,19.3810518407682,136,286
"231","141217/6684930",1,3,2003,11.6809523809524,2.10300238887621,35.7757575757576,23.2983104310032,150,280
"232","141217/6684930",1,3,2004,8.52857142857143,1.40682012252557,4.68787878787879,8.92730213921588,130,288
"233","141217/6684930",1,3,2005,11.2809523809524,3.00842467873454,39.430303030303,21.8112282558847,154,296
"234","141217/6684930",1,3,2006,11.0809523809524,3.02036736964546,26.330303030303,27.2587770824427,147,292
"235","141217/6684930",1,3,2007,9.77619047619048,1.42720172432097,29.8515151515152,20.7639128238773,152,313
"236","141217/6684930",1,3,2008,9.59047619047619,3.34094369331552,59.1636363636364,35.3197786143067,154,279
"237","141217/6684930",1,3,2009,13.2714285714286,3.51498831536363,3.44545454545455,5.33010851842454,134,276
"238","141217/6684930",1,3,2010,11.052380952381,1.95182454324641,47.5,30.9289609427798,153,300
"239","141217/6684930",1,3,2011,10.7,2.02361063448481,0,0,115,300
"240","141217/6684930",1,3,2012,9.69523809523809,2.07013917176507,9.84545454545455,10.2851558966397,142,270
"241","141217/6684930",1,3,2013,9.81904761904762,2.56351692945825,35.9757575757576,30.8750711568313,146,295
"242","141217/6684930",1,3,2014,11.0714285714286,3.59070227910124,69.4393939393939,38.3508306575127,154,281
"243","141217/6684930",1,3,2015,10.6142857142857,3.54249710152114,46.7424242424242,20.9024823630925,158,282
"244","141217/6684930",1,3,2016,9.08095238095238,1.98081272401483,50.1969696969697,35.9948649536334,150,291
"245","141217/6684930",1,3,2017,8.92857142857143,1.86926265065743,1.12121212121212,3.71716941836776,124,296
"246","141217/6684930",1,3,2018,15.0285714285714,2.12958748520526,8.51515151515152,14.7793800870529,132,276
"247","141217/6684930",1,3,2019,10.7,3.50727814693959,0.457575757575758,1.18823143343119,114,277
"248","141217/6684930",1,3,2020,9.07619047619048,4.33461702597874,32.6575757575758,16.9715944725118,152,294
"249","180957/6917109",2,5,1990,7.02857142857143,1.17522034408142,55.269696969697,30.3590954745082,161,275
"250","180957/6917109",2,5,1991,10.9333333333333,4.03290631348328,31.6636363636364,22.9421802879246,155,274
"251","180957/6917109",2,5,1992,8.03809523809524,2.71191375055996,124.584848484848,43.5741976490397,165,284
"252","180957/6917109",2,5,1993,7.57142857142857,2.58614439990169,45.3393939393939,32.7988942210132,153,284
"253","180957/6917109",2,5,1994,11.7047619047619,3.30249544897131,31.0030303030303,22.7342182190262,156,271
"254","180957/6917109",2,5,1995,8.3952380952381,3.77855477537063,139.233333333333,22.3404714960689,177,275
"255","180957/6917109",2,5,1996,8.02857142857143,1.43392568048099,53.8393939393939,19.8348326718733,158,256
"256","180957/6917109",2,5,1997,10.6857142857143,3.08306433833057,173.593939393939,24.0887673433327,183,262
"257","180957/6917109",2,5,1998,8.81904761904762,1.78734972728312,48.2787878787879,29.0241683513042,159,284
"258","180957/6917109",2,5,1999,10.4952380952381,3.03388796603899,35.3121212121212,21.6110613687724,153,286
"259","180957/6917109",2,5,2000,7.2952380952381,3.3369860938392,114.039393939394,46.2205577867815,178,304
"260","180957/6917109",2,5,2001,11.7952380952381,2.81468935949888,33.0181818181818,30.8715732364081,149,272
"261","180957/6917109",2,5,2002,8.26190476190476,2.4409990148454,47.0484848484848,35.0971964800264,154,291
"262","180957/6917109",2,5,2003,11.0714285714286,2.2950256767938,15.2424242424242,14.5133565703938,144,267
"263","180957/6917109",2,5,2004,8.10952380952381,1.85254008375116,22.8636363636364,19.9919017695575,153,306
"264","180957/6917109",2,5,2005,10.9095238095238,3.04251618925927,140.448484848485,20.0355328293903,183,260
"265","180957/6917109",2,5,2006,10.8333333333333,3.28973149866875,42.4,28.1881069779437,158,292
"266","180957/6917109",2,5,2007,10.4238095238095,1.60776390116981,45,24.2944438092334,156,247
"267","180957/6917109",2,5,2008,9.26190476190476,3.75572578744458,104.9,30.7001119704798,170,277
"268","180957/6917109",2,5,2009,12.9619047619048,3.40021707990478,12.5787878787879,13.1331583590867,143,272
"269","180957/6917109",2,5,2010,10.5,2.45153013442625,25.0242424242424,21.5497829209344,146,311
"270","180957/6917109",2,5,2011,10.5761904761905,3.07309367932459,12.6212121212121,15.4773172250506,142,281
"271","180957/6917109",2,5,2012,9.48571428571429,2.29701669873898,81.5454545454545,32.643166311162,167,283
"272","180957/6917109",2,5,2013,9.60952380952381,2.24140687112018,35.0878787878788,32.2008419685705,147,309
"273","180957/6917109",2,5,2014,11.4,4.36783699329542,15.8575757575758,15.0991313968517,143,305
"274","180957/6917109",2,5,2015,9.57619047619048,4.12987950936886,25.9424242424242,17.6102425860462,153,331
"275","180957/6917109",2,5,2016,9.10952380952381,1.81491177799494,27.3636363636364,26.4939948170078,148,303
"276","180957/6917109",2,5,2017,7.35238095238095,2.73909091627479,99.6363636363636,42.0441198191095,165,281
"277","180957/6917109",2,5,2018,11.9666666666667,2.75305890480631,29.8484848484848,32.1588452180357,145,267
"278","180957/6917109",2,5,2019,8.06666666666667,3.44722110305291,43.7060606060606,25.3608204149868,157,274
"279","180957/6917109",2,5,2020,8.51904761904762,5.07824960469836,143.560606060606,21.4334426101178,172,292
"280","190585/6947353",2,1,1990,8.57142857142857,1.26496753205087,11.2030303030303,18.2148889107319,134,281
"281","190585/6947353",2,1,1991,11.7619047619048,3.85661460227441,2.62121212121212,4.92815619525685,130,276
"282","190585/6947353",2,1,1992,8.91428571428571,2.51182915706577,55.7787878787879,40.6446779847602,149,286
"283","190585/6947353",2,1,1993,8.73809523809524,2.52991624179066,10.3212121212121,14.6708417783319,137,286
"284","190585/6947353",2,1,1994,12.5809523809524,3.26903946865422,3.39393939393939,7.68553590331944,129,272
"285","190585/6947353",2,1,1995,9.19523809523809,3.40286294030133,85.9878787878788,25.5770619595928,159,294
"286","190585/6947353",2,1,1996,8.78095238095238,1.16302151640417,16.1151515151515,14.5653295794354,144,256
"287","190585/6947353",2,1,1997,11.6571428571429,3.25431581573937,105.990909090909,31.5541931012778,163,286
"288","190585/6947353",2,1,1998,10.052380952381,1.9699286909985,21.7151515151515,23.7298088015385,146,289
"289","190585/6947353",2,1,1999,11.5238095238095,2.94922104324256,3.48181818181818,5.09260827974321,137,291
"290","190585/6947353",2,1,2000,8.2,3.32565782966318,74.769696969697,47.4196984704701,161,350
"291","190585/6947353",2,1,2001,12.9428571428571,2.60798225234978,5.88484848484848,10.4515286325769,131,305
"292","190585/6947353",2,1,2002,9.73809523809524,2.54548152428498,15.3060606060606,20.570791480184,139,290
"293","190585/6947353",2,1,2003,12.0952380952381,2.19646902788912,3.05757575757576,5.51815358062767,131,267
"294","190585/6947353",2,1,2004,9.17619047619048,1.7215994777836,2.25454545454545,4.40752842511331,127,311
"295","190585/6947353",2,1,2005,12.3857142857143,3.37702320310147,67.8909090909091,27.6288160671558,162,260
"296","190585/6947353",2,1,2006,11.9285714285714,3.2548644913641,24.5878787878788,28.2742236583933,145,300
"297","190585/6947353",2,1,2007,12.2095238095238,1.87640740829511,1.3,3.56475805630621,1,259
"298","190585/6947353",2,1,2008,10.7619047619048,3.76768844126955,50.9545454545455,33.4637312148269,153,280
"299","190585/6947353",2,1,2009,14.3666666666667,3.27953248700685,1.25151515151515,3.08404373470542,128,272
"300","190585/6947353",2,1,2010,11.8285714285714,2.63194659086062,3.23333333333333,4.9997291593312,134,288
"301","190585/6947353",2,1,2011,11.7904761904762,3.20279639719804,0.342424242424242,0.950996287791882,125,282
"302","190585/6947353",2,1,2012,10.9190476190476,2.36909667333755,29.9939393939394,25.3199024903575,145,283
"303","190585/6947353",2,1,2013,11.1142857142857,2.41086824905172,7.40606060606061,12.9245875029423,132,291
"304","190585/6947353",2,1,2014,13.0333333333333,4.65653662428777,0.327272727272727,0.849364735873497,69,309
"305","190585/6947353",2,1,2015,10.6952380952381,4.3190827950476,0.193939393939394,0.514744714603386,119,335
"306","190585/6947353",2,1,2016,10.3047619047619,1.86721080504484,7.82121212121212,14.6473922076542,131,303
"307","190585/6947353",2,1,2017,8.27619047619048,2.89100410963125,37.1333333333333,34.2667538098762,145,302
"308","190585/6947353",2,1,2018,12.1809523809524,2.6675117708492,4.53030303030303,9.33707277632037,130,267
"309","190585/6947353",2,1,2019,8.76666666666667,3.07739066959873,5.68484848484848,8.23453555202573,136,274
"310","190585/6947353",2,1,2020,9.55238095238095,5.09898215800164,99.7393939393939,24.0297594062282,162,292
"311","206715/6943604",2,2,1990,5.84285714285714,1.1164996321412,56.730303030303,25.336491529616,163,259
"312","206715/6943604",2,2,1991,9.83809523809524,4.10225257516845,79.1090909090909,16.1728237260142,174,249
"313","206715/6943604",2,2,1992,6.82380952380952,2.9015348975852,162.557575757576,43.0845754759101,176,284
"314","206715/6943604",2,2,1993,6.33809523809524,2.67515909629244,44.3909090909091,29.5798956602745,158,280
"315","206715/6943604",2,2,1994,10.752380952381,3.26429457120816,16.7636363636364,17.0401697868195,153,271
"316","206715/6943604",2,2,1995,7.09047619047619,3.72852581617786,122.054545454545,20.6478523536513,175,275
"317","206715/6943604",2,2,1996,6.88571428571429,1.40544858116038,55.0363636363636,15.6230962476596,161,256
"318","206715/6943604",2,2,1997,9.43809523809524,3.24383664670035,151.648484848485,12.9927653237321,183,258
"319","206715/6943604",2,2,1998,7.53809523809524,1.82906429369669,74.2909090909091,25.4371451281925,170,284
"320","206715/6943604",2,2,1999,9.26666666666667,3.13613350055978,49.6606060606061,22.0747018580368,158,276
"321","206715/6943604",2,2,2000,6.1047619047619,3.33413799811528,108.248484848485,43.0739271573602,181,305
"322","206715/6943604",2,2,2001,10.8285714285714,2.79341061377357,28.4909090909091,26.8807710505619,149,301
"323","206715/6943604",2,2,2002,7.14761904761905,2.43158776268081,79.7030303030303,40.0549582203041,160,267
"324","206715/6943604",2,2,2003,9.77619047619048,2.3716881670879,25.8757575757576,18.1680356378832,149,263
"325","206715/6943604",2,2,2004,6.88095238095238,1.94951764485963,24.330303030303,19.0463166525789,154,260
"326","206715/6943604",2,2,2005,9.90952380952381,3.30891292751936,135.769696969697,16.1678594139825,186,259
"327","206715/6943604",2,2,2006,9.84761904761905,3.34404232144557,52.4787878787879,24.4095877368883,163,291
"328","206715/6943604",2,2,2007,9.29047619047619,1.47102167281953,52.7818181818182,22.6163029492203,157,240
"329","206715/6943604",2,2,2008,8.12380952380952,3.8558922134708,93.1939393939394,22.8048917366694,169,273
"330","206715/6943604",2,2,2009,11.9380952380952,3.52100499722397,22.0484848484848,16.9096518520511,149,272
"331","206715/6943604",2,2,2010,9.35714285714286,2.36041763859098,45.5545454545455,26.2279680268636,155,268
"332","206715/6943604",2,2,2011,9.44285714285714,3.21038493464124,14.8787878787879,16.2214317643311,144,281
"333","206715/6943604",2,2,2012,8.39047619047619,2.41306957253718,113.739393939394,27.4908500618153,179,253
"334","206715/6943604",2,2,2013,8.54761904761905,2.26839569908317,39.0393939393939,32.5742511367677,149,291
"335","206715/6943604",2,2,2014,10.2333333333333,4.68341043827394,13.369696969697,12.1339524900299,142,281
"336","206715/6943604",2,2,2015,8.43333333333333,4.24727363532576,43.5181818181818,11.5848353070257,164,299
"337","206715/6943604",2,2,2016,7.59523809523809,1.88134956626252,30.2121212121212,23.0287694739612,151,303
"338","206715/6943604",2,2,2017,5.65238095238095,2.93574846463709,88.8666666666667,36.7534493846043,165,280
"339","206715/6943604",2,2,2018,10.3285714285714,2.91361336782059,13.569696969697,19.0327757573693,137,267
"340","206715/6943604",2,2,2019,6.35714285714286,3.40625475097965,26.7272727272727,19.4427086707214,154,261
"341","206715/6943604",2,2,2020,6.90476190476191,5.33783441017761,145.381818181818,16.9934629811263,175,271
"342","209610/6917105",2,6,1990,5.58095238095238,1.14918190362494,37.3818181818182,24.7373888899154,158,271
"343","209610/6917105",2,6,1991,9.77142857142857,4.17913183055319,47.8,15.7960042415796,166,255
"344","209610/6917105",2,6,1992,6.6952380952381,2.96217423364599,88.8727272727273,39.3820491525587,158,285
"345","209610/6917105",2,6,1993,6.16666666666667,2.75614465029202,30.5484848484848,24.9779918279588,148,280
"346","209610/6917105",2,6,1994,10.6666666666667,3.30050501186308,33.7,19.2556809799082,159,260
"347","209610/6917105",2,6,1995,7.1,3.89396969685179,99.9121212121212,18.4123728368955,170,271
"348","209610/6917105",2,6,1996,6.80952380952381,1.49127621918435,38.6424242424242,14.2129569034524,157,256
"349","209610/6917105",2,6,1997,9.28571428571429,3.18924532049288,119.339393939394,11.8873341048871,176,253
"350","209610/6917105",2,6,1998,7.27142857142857,1.76950356234252,36.9545454545455,23.0527125696344,158,269
"351","209610/6917105",2,6,1999,9.09047619047619,3.17803473264607,57.9727272727273,22.3090126508222,161,276
"352","209610/6917105",2,6,2000,5.91428571428571,3.37746735206807,82.0272727272727,41.0731380643669,173,304
"353","209610/6917105",2,6,2001,10.6238095238095,2.85497894246258,32.3848484848485,28.0823801654628,151,303
"354","209610/6917105",2,6,2002,6.89047619047619,2.40975201253257,48.7454545454545,36.1197927986607,153,290
"355","209610/6917105",2,6,2003,9.65238095238095,2.4291189858916,25.0121212121212,17.1129110172655,149,263
"356","209610/6917105",2,6,2004,6.71904761904762,1.98106512957526,7.71515151515151,12.2421944829175,138,300
"357","209610/6917105",2,6,2005,9.73809523809524,3.24244910376033,116.278787878788,15.2543796492958,181,260
"358","209610/6917105",2,6,2006,9.66666666666667,3.35176570382438,35.1848484848485,19.9469158206871,160,291
"359","209610/6917105",2,6,2007,8.91904761904762,1.42464699052749,32.6363636363636,15.9291756335234,155,247
"360","209610/6917105",2,6,2008,7.86666666666667,3.82247738166406,64.6333333333333,22.0265275671556,160,276
"361","209610/6917105",2,6,2009,11.7571428571429,3.57792837107892,17.3818181818182,13.954198618728,146,273
"362","209610/6917105",2,6,2010,9.19523809523809,2.27606594598579,34.1181818181818,23.9222105811923,152,268
"363","209610/6917105",2,6,2011,9.26666666666667,3.05701379344833,12.5212121212121,14.2846017965097,143,281
"364","209610/6917105",2,6,2012,8.2,2.38348484366903,126.072727272727,25.6711325315917,182,283
"365","209610/6917105",2,6,2013,8.36666666666667,2.22403537142136,51.2090909090909,37.1035153627352,151,269
"366","209610/6917105",2,6,2014,9.89047619047619,4.51861757199088,48.9575757575758,30.1648183972553,153,281
"367","209610/6917105",2,6,2015,8.39047619047619,4.16532168768569,104.363636363636,8.05069166989001,182,313
"368","209610/6917105",2,6,2016,7.7047619047619,1.85404320081173,94.0333333333333,28.0454616055195,165,303
"369","209610/6917105",2,6,2017,5.94285714285714,2.76524346641872,132.351515151515,38.970422447769,175,264
"370","209610/6917105",2,6,2018,10.9761904761905,2.99514686816937,27.3090909090909,30.6052320244877,143,270
"371","209610/6917105",2,6,2019,6.82380952380952,3.51039951599597,29.5878787878788,17.1449839161444,157,261
"372","209610/6917105",2,6,2020,7.10952380952381,5.20441204766732,124.975757575758,17.3741012411979,171,271
"373","218785/6896536",2,11,1990,5.40952380952381,1.13529941509047,8.18787878787879,13.2487206357764,133,271
"374","218785/6896536",2,11,1991,9.69047619047619,4.29405458301414,18.4545454545455,12.3085867108365,150,268
"375","218785/6896536",2,11,1992,6.58571428571429,2.98517766879724,27.1878787878788,21.6854899295554,145,289
"376","218785/6896536",2,11,1993,6,2.83390190373626,4.54242424242424,6.20378061663966,136,278
"377","218785/6896536",2,11,1994,10.4761904761905,3.29983405066145,6.06666666666667,9.24485217116351,133,270
"378","218785/6896536",2,11,1995,7.04285714285714,4.00431909674684,27.2424242424242,14.2195514675883,151,275
"379","218785/6896536",2,11,1996,6.74761904761905,1.54874757388641,5.01818181818182,5.10296816479479,134,256
"380","218785/6896536",2,11,1997,9.14285714285714,3.16521269878841,45.9,9.6129144904134,159,257
"381","218785/6896536",2,11,1998,7,1.7308957218735,10.1909090909091,11.6543544339756,137,269
"382","218785/6896536",2,11,1999,8.87619047619048,3.19717136886729,22.0818181818182,15.3177685741399,149,276
"383","218785/6896536",2,11,2000,5.75714285714286,3.36311930037747,10.2575757575758,15.2645019224144,136,285
"384","218785/6896536",2,11,2001,10.4714285714286,2.93702959759395,11.4393939393939,16.3131070652164,136,303
"385","218785/6896536",2,11,2002,6.67619047619048,2.34284117300016,8.47272727272727,13.2945071535031,133,290
"386","218785/6896536",2,11,2003,9.4952380952381,2.46484810697864,2.77575757575758,2.95053282296502,139,263
"387","218785/6896536",2,11,2004,6.6047619047619,2.0348160089984,0.333333333333333,1.09249332568518,124,310
"388","218785/6896536",2,11,2005,9.72380952380952,3.29680220242355,31.2606060606061,13.5581373027865,157,295
"389","218785/6896536",2,11,2006,9.55714285714286,3.34119311452832,10.8727272727273,15.0137701945429,141,292
"390","218785/6896536",2,11,2007,8.61904761904762,1.39807691048062,2.59090909090909,2.95374377235522,128,259
"391","218785/6896536",2,11,2008,7.64285714285714,3.82394710065025,7.49393939393939,11.3835116339912,135,276
"392","218785/6896536",2,11,2009,11.552380952381,3.69156051658632,0.342424242424242,0.752508431443754,120,274
"393","218785/6896536",2,11,2010,9.08095238095238,2.18600527163569,19.5393939393939,17.2994027966636,143,268
"394","218785/6896536",2,11,2011,9.08571428571429,2.95284366573744,0.184848484848485,0.535677848688704,115,283
"395","218785/6896536",2,11,2012,8.07142857142857,2.35077494821237,34.5787878787879,19.2539080055154,152,283
"396","218785/6896536",2,11,2013,8.2952380952381,2.19054244206228,18.4787878787879,20.2178720068371,141,296
"397","218785/6896536",2,11,2014,9.60952380952381,4.4942079126254,13.7030303030303,12.0385704313387,142,281
"398","218785/6896536",2,11,2015,8.27619047619048,4.11726909029575,55.1666666666667,5.49162240751007,171,312
"399","218785/6896536",2,11,2016,7.7047619047619,1.94999389498434,37.7727272727273,25.0338055527829,152,303
"400","218785/6896536",2,11,2017,6.07142857142857,2.77995375089998,39.7787878787879,28.321610096971,150,264
"401","218785/6896536",2,11,2018,11.1428571428571,3.02746947607592,11.8,17.716094377712,135,272
"402","218785/6896536",2,11,2019,6.97619047619048,3.54343121309061,2.16060606060606,3.35335087952515,121,263
"403","218785/6896536",2,11,2020,7.15714285714286,5.22355926821659,53.8333333333333,15.7746368156819,158,292
"404","222701/6924251",2,4,1990,7.33333333333333,1.12041658919053,4.95151515151515,10.8900218437603,129,306
"405","222701/6924251",2,4,1991,11.0619047619048,3.96149923519823,7.43333333333333,10.6323699929351,134,292
"406","222701/6924251",2,4,1992,8.23333333333333,2.80576786875417,29.4363636363636,25.1776912437109,144,288
"407","222701/6924251",2,4,1993,7.89047619047619,2.56669140371506,9.51212121212121,13.0298397336594,137,281
"408","222701/6924251",2,4,1994,12.1619047619048,3.12705551445384,3.56363636363636,7.57606503163987,129,271
"409","222701/6924251",2,4,1995,8.6,3.61759588677342,53.2242424242424,21.3828644933132,154,275
"410","222701/6924251",2,4,1996,8.2,1.36747943311773,15.0666666666667,12.1350645514009,144,256
"411","222701/6924251",2,4,1997,10.947619047619,3.28627738446088,56.0333333333333,20.5861705197122,157,275
"412","222701/6924251",2,4,1998,9.12857142857143,1.86256351761299,9.41515151515152,12.5191134173941,136,288
"413","222701/6924251",2,4,1999,10.9380952380952,3.12321568106914,10.5333333333333,9.88324550270136,141,297
"414","222701/6924251",2,4,2000,7.36190476190476,3.3565571930888,39.6787878787879,37.7458338560012,148,304
"415","222701/6924251",2,4,2001,12.2285714285714,2.78570329668162,12.6424242424242,18.042277265894,136,303
"416","222701/6924251",2,4,2002,8.66190476190476,2.52100697945805,10.0545454545455,15.4014019432707,135,290
"417","222701/6924251",2,4,2003,11.1428571428571,2.35554058096468,9.1030303030303,11.6332627852337,139,263
"418","222701/6924251",2,4,2004,8.25714285714286,1.92654390777149,0.23030303030303,0.76953104570448,123,313
"419","222701/6924251",2,4,2005,11.5238095238095,3.20373294172669,61.6636363636364,19.4679033633218,162,260
"420","222701/6924251",2,4,2006,11.1904761904762,3.35602514321701,12.9181818181818,19.5854291270554,140,292
"421","222701/6924251",2,4,2007,10.8571428571429,1.58857528262636,0.906060606060606,2.212314878405,125,247
"422","222701/6924251",2,4,2008,9.63809523809524,3.82785529905144,25.6909090909091,23.7911139350962,150,279
"423","222701/6924251",2,4,2009,13.3619047619048,3.5348940847607,0.00909090909090909,0.0522232967867094,121,272
"424","222701/6924251",2,4,2010,11.0142857142857,2.33608341338355,12.0030303030303,12.7741801314332,139,268
"425","222701/6924251",2,4,2011,11.0142857142857,3.16958762527331,0.43030303030303,0.916680440667865,128,283
"426","222701/6924251",2,4,2012,9.98095238095238,2.31162692656472,81.7030303030303,34.8165772733378,162,283
"427","222701/6924251",2,4,2013,10.3142857142857,2.107435814986,28.3636363636364,30.4514246196075,141,296
"428","222701/6924251",2,4,2014,11.5428571428571,4.5672279807966,14.6848484848485,14.9447131373465,140,289
"429","222701/6924251",2,4,2015,10.1428571428571,4.23386010970738,35.2060606060606,27.2833733640328,151,313
"430","222701/6924251",2,4,2016,8.85238095238095,1.80072736626593,45.9939393939394,31.0325730019477,151,303
"431","222701/6924251",2,4,2017,7.11904761904762,2.39261761416634,73.1272727272727,40.5882624098956,155,281
"432","222701/6924251",2,4,2018,11.3619047619048,2.76015872559463,9.43030303030303,16.3504297506305,132,272
"433","222701/6924251",2,4,2019,7.70952380952381,3.07228005915879,4.10909090909091,5.82147767089485,121,274
"434","222701/6924251",2,4,2020,8.2047619047619,5.07005682319993,88.7242424242424,18.2232857613383,163,271
"435","224859/6930791",2,9,1990,5.46666666666667,1.11055541659718,18.4969696969697,18.0685411151621,154,264
"436","224859/6930791",2,9,1991,9.53809523809524,4.14553690014649,34.1575757575758,15.4454489717649,162,255
"437","224859/6930791",2,9,1992,6.53333333333333,3.01186542417375,71.0454545454545,36.3299901158558,155,284
"438","224859/6930791",2,9,1993,6.01904761904762,2.70418546842095,25.9,21.7935483572547,145,278
"439","224859/6930791",2,9,1994,10.5714285714286,3.32221956787068,13.7393939393939,14.6784693384975,153,260
"440","224859/6930791",2,9,1995,6.81904761904762,3.78346653845637,85.7454545454545,18.0864605939963,166,271
"441","224859/6930791",2,9,1996,6.65238095238095,1.48311127283796,39.1272727272727,13.48374652886,158,256
"442","224859/6930791",2,9,1997,9.15238095238095,3.3026684737677,124.278787878788,14.3961964936871,178,253
"443","224859/6930791",2,9,1998,7.16666666666667,1.80785323888122,51.3727272727273,24.7613139888526,162,284
"444","224859/6930791",2,9,1999,9.03333333333333,3.23115046590736,47.8575757575758,21.3985255085343,158,276
"445","224859/6930791",2,9,2000,5.76666666666667,3.37347496408871,62.5787878787879,38.2414513124809,166,304
"446","224859/6930791",2,9,2001,10.6095238095238,2.82699571310336,29.0272727272727,26.1166167497734,150,301
"447","224859/6930791",2,9,2002,6.84761904761905,2.42025185623708,43.6757575757576,33.9561392672871,152,290
"448","224859/6930791",2,9,2003,9.44285714285714,2.44531622261241,21.8,15.6900844484662,148,263
"449","224859/6930791",2,9,2004,6.56666666666667,2.0020822493927,7.62424242424242,12.1054489358881,138,310
"450","224859/6930791",2,9,2005,9.68571428571429,3.3724302386092,98.0090909090909,14.1170854737346,176,260
"451","224859/6930791",2,9,2006,9.6,3.3977934016064,27.3939393939394,21.0834345428161,157,292
"452","224859/6930791",2,9,2007,8.88571428571429,1.39006680209467,27.5727272727273,15.6051127985204,153,240
"453","224859/6930791",2,9,2008,7.79047619047619,3.88650289616575,53.9424242424242,20.0963154319242,158,273
"454","224859/6930791",2,9,2009,11.7047619047619,3.64121905280034,12.8545454545455,11.1897020433156,144,272
"455","224859/6930791",2,9,2010,9.14761904761905,2.28771043788742,33.2242424242424,23.0975922758065,152,268
"456","224859/6930791",2,9,2011,9.23333333333333,3.16659649045049,10.7939393939394,13.0380438379848,142,281
"457","224859/6930791",2,9,2012,8.19523809523809,2.38903247999607,121.663636363636,24.464167906627,182,282
"458","224859/6930791",2,9,2013,8.40476190476191,2.17335597417363,42.4060606060606,33.6562952821788,149,296
"459","224859/6930791",2,9,2014,9.79047619047619,4.68517926678422,36.0272727272727,25.1558178251979,149,281
"460","224859/6930791",2,9,2015,8.22857142857143,4.20465728177016,79.5,6.59341527586425,177,313
"461","224859/6930791",2,9,2016,7.37619047619048,1.90575569313193,43.0393939393939,24.2324284198099,154,303
"462","224859/6930791",2,9,2017,5.46190476190476,2.77911428165093,68.2787878787879,33.7822786159378,160,264
"463","224859/6930791",2,9,2018,10.2619047619048,2.91967056197719,11.9121212121212,17.7094741165527,136,270
"464","224859/6930791",2,9,2019,6.25714285714286,3.38150431443927,13.7636363636364,9.93886997417897,141,261
"465","224859/6930791",2,9,2020,6.7,5.3113086899558,94.8727272727273,16.2876347409483,167,261
"466","233588/6935388",2,3,1990,6.53809523809524,1.13599128098599,10.9090909090909,16.6016822121352,136,264
"467","233588/6935388",2,3,1991,10.3571428571429,3.99994642821269,16.669696969697,16.0451800560263,147,274
"468","233588/6935388",2,3,1992,7.45714285714286,2.88852409174156,63.4545454545455,37.2537757390869,153,284
"469","233588/6935388",2,3,1993,7.03809523809524,2.5854353966936,24.230303030303,22.5222873623063,144,280
"470","233588/6935388",2,3,1994,11.4761904761905,3.23541415616375,6.64545454545455,11.0733376548438,133,260
"471","233588/6935388",2,3,1995,7.71428571428571,3.60378768995701,81.5939393939394,20.8163088015434,164,271
"472","233588/6935388",2,3,1996,7.51428571428571,1.40045910839471,30.9606060606061,15.778643386591,154,256
"473","233588/6935388",2,3,1997,10.1571428571429,3.31429802953377,131.333333333333,18.9793583049234,176,262
"474","233588/6935388",2,3,1998,8.2952380952381,1.89300718183429,34.8727272727273,23.5800799501305,156,284
"475","233588/6935388",2,3,1999,10.1380952380952,3.17308622487259,33.4333333333333,21.149433601557,152,286
"476","233588/6935388",2,3,2000,6.68571428571429,3.34324478826868,54.7424242424242,38.2682311969,161,305
"477","233588/6935388",2,3,2001,11.5714285714286,2.76787695845441,28.9272727272727,27.5467361125514,149,303
"478","233588/6935388",2,3,2002,7.93809523809524,2.50229418543787,34,30.7294240102219,149,297
"479","233588/6935388",2,3,2003,10.3857142857143,2.39066637452525,20.369696969697,17.5450577950118,146,263
"480","233588/6935388",2,3,2004,7.54761904761905,1.95719673196617,4.71818181818182,8.2492974907509,131,313
"481","233588/6935388",2,3,2005,10.7333333333333,3.34758619505657,91.0545454545454,18.4080670310107,172,260
"482","233588/6935388",2,3,2006,10.5095238095238,3.37029742929385,26.3939393939394,23.0997150874467,153,292
"483","233588/6935388",2,3,2007,10.0761904761905,1.49027002986196,22.2121212121212,16.5016619915949,149,242
"484","233588/6935388",2,3,2008,8.85238095238095,3.86026152580613,48.2212121212121,24.1681189480036,157,273
"485","233588/6935388",2,3,2009,12.6285714285714,3.56316472495208,3.57575757575758,5.05562992508292,136,272
"486","233588/6935388",2,3,2010,10.252380952381,2.35406436777312,29.2515151515152,23.2230908958643,149,268
"487","233588/6935388",2,3,2011,10.2714285714286,3.20314577519395,3.59393939393939,5.72876183142676,132,281
"488","233588/6935388",2,3,2012,9.27142857142857,2.33669485751624,84.7060606060606,31.081887203341,169,283
"489","233588/6935388",2,3,2013,9.51428571428571,2.12397874619444,25.6333333333333,26.7505918937631,143,292
"490","233588/6935388",2,3,2014,10.8333333333333,4.69567176592799,14.6363636363636,13.5521404716612,142,281
"491","233588/6935388",2,3,2015,9.32380952380952,4.25040054134957,32.2454545454545,18.9996725450251,156,313
"492","233588/6935388",2,3,2016,8.15238095238095,1.92395921152686,30.1212121212121,25.1179561964115,150,303
"493","233588/6935388",2,3,2017,6.24761904761905,2.58952100737164,68.9181818181818,35.6001005488876,159,281
"494","233588/6935388",2,3,2018,10.5857142857143,2.80896523906682,9.54242424242424,15.6745420647429,134,271
"495","233588/6935388",2,3,2019,6.86190476190476,3.12481618507012,19.7848484848485,15.4163493005827,143,261
"496","233588/6935388",2,3,2020,7.47142857142857,5.25786485725364,111.093939393939,18.3263461203048,169,271
"497","240932/6935686",2,15,1990,5.83809523809524,1.10565645228352,7.25151515151515,12.6812637681572,133,264
"498","240932/6935686",2,15,1991,9.8,4.03497211886278,18.2424242424242,14.1482558620981,149,250
"499","240932/6935686",2,15,1992,6.86666666666667,2.96990460003909,51.2757575757576,32.7887559834068,151,284
"500","240932/6935686",2,15,1993,6.32857142857143,2.65238437205901,20.7606060606061,18.3763424576604,143,280
"501","240932/6935686",2,15,1994,10.9190476190476,3.27972850212011,6.57575757575758,10.5975831650143,133,260
"502","240932/6935686",2,15,1995,7.05714285714286,3.64973580257139,68.5666666666667,18.9551883838348,161,272
"503","240932/6935686",2,15,1996,6.95714285714286,1.4392954625689,26.7757575757576,13.8490981272931,154,256
"504","240932/6935686",2,15,1997,9.4952380952381,3.30582458555747,122.639393939394,14.7881485359463,176,262
"505","240932/6935686",2,15,1998,7.59047619047619,1.85954423499544,41.4424242424242,24.3677685465739,159,284
"506","240932/6935686",2,15,1999,9.43809523809524,3.22327103894106,36.8727272727273,21.4543158934175,153,286
"507","240932/6935686",2,15,2000,6.07619047619048,3.33150187781799,40.2575757575758,33.6572431868594,155,286
"508","240932/6935686",2,15,2001,11,2.78442094518771,30.5484848484849,27.0539405772537,150,302
"509","240932/6935686",2,15,2002,7.26666666666667,2.45526644854145,36.1060606060606,32.0101638096591,149,279
"510","240932/6935686",2,15,2003,9.73809523809524,2.41318797247048,19.9757575757576,16.0983700708921,147,263
"511","240932/6935686",2,15,2004,6.92857142857143,1.9882512057441,6.57272727272727,10.4494698647609,136,300
"512","240932/6935686",2,15,2005,10.1190476190476,3.47615003238051,91.6060606060606,15.4680505274974,174,260
"513","240932/6935686",2,15,2006,9.97142857142857,3.40531097803752,25.8212121212121,21.5749675199025,154,292
"514","240932/6935686",2,15,2007,9.31904761904762,1.39521290404692,22.6969696969697,15.0956012808468,151,240
"515","240932/6935686",2,15,2008,8.18571428571429,3.85723809406235,42.4878787878788,19.7700492787663,156,273
"516","240932/6935686",2,15,2009,11.9857142857143,3.60212239024241,6.19393939393939,6.58829166940961,140,272
"517","240932/6935686",2,15,2010,9.64285714285714,2.30815325066847,36.0363636363636,24.423551878538,152,268
"518","240932/6935686",2,15,2011,9.64285714285714,3.22390623755894,3.32727272727273,5.25786748164553,132,281
"519","240932/6935686",2,15,2012,8.57142857142857,2.39105475829034,84.7909090909091,26.5680066484621,171,283
"520","240932/6935686",2,15,2013,8.7952380952381,2.12048961102765,22.8575757575758,23.9484345822309,142,293
"521","240932/6935686",2,15,2014,10.1047619047619,4.77864794586044,13.6515151515152,12.2528088925591,142,281
"522","240932/6935686",2,15,2015,8.62380952380952,4.24686999587988,38.3424242424242,11.0184512949595,163,295
"523","240932/6935686",2,15,2016,7.61428571428571,2.0320643971798,32.3878787878788,24.0324358624932,151,303
"524","240932/6935686",2,15,2017,5.66190476190476,2.72790692481913,73.1363636363636,33.870486951971,161,281
"525","240932/6935686",2,15,2018,10.147619047619,2.86524327895888,13.1454545454545,19.4717919519027,136,271
"526","240932/6935686",2,15,2019,6.30952380952381,3.21868059333398,19.2181818181818,14.937587960943,143,261
"527","240932/6935686",2,15,2020,6.96190476190476,5.40513424352034,96.2454545454545,16.8539144360645,167,261
"528","241931/6942875",2,13,1990,6.01428571428571,1.09876554108951,9.13333333333333,14.3424559147542,135,264
"529","241931/6942875",2,13,1991,9.8952380952381,3.98603514666845,21.1545454545455,15.6227416549779,150,250
"530","241931/6942875",2,13,1992,6.97142857142857,2.9462082168684,58.5242424242424,35.3980404675088,152,284
"531","241931/6942875",2,13,1993,6.45714285714286,2.6179326631087,27.9818181818182,23.0432942326159,148,280
"532","241931/6942875",2,13,1994,11.0285714285714,3.27980835677069,6.12727272727273,10.2068994045472,133,260
"533","241931/6942875",2,13,1995,7.11904761904762,3.60549844648684,78.0606060606061,19.6045903329096,164,272
"534","241931/6942875",2,13,1996,7.02857142857143,1.43043449942416,29.7818181818182,14.799397254311,154,256
"535","241931/6942875",2,13,1997,9.62380952380952,3.32924987976342,136.945454545455,15.0011060198301,179,262
"536","241931/6942875",2,13,1998,7.74761904761905,1.88960817303986,45.4060606060606,24.1256209686137,161,284
"537","241931/6942875",2,13,1999,9.57142857142857,3.18937969786334,38.5545454545455,21.967818663176,154,286
"538","241931/6942875",2,13,2000,6.21428571428571,3.31470748547828,45.0575757575758,35.0865094294003,159,305
"539","241931/6942875",2,13,2001,11.1428571428571,2.76035711975306,29.8272727272727,27.0028270826324,150,302
"540","241931/6942875",2,13,2002,7.43333333333333,2.46421048884492,43.3878787878788,34.4510500345759,152,267
"541","241931/6942875",2,13,2003,9.85714285714286,2.39928560796155,20.8424242424242,17.1253290169676,147,267
"542","241931/6942875",2,13,2004,7.03333333333333,1.94893133109746,10.2090909090909,13.2203054909002,140,300
"543","241931/6942875",2,13,2005,10.2142857142857,3.50061219135821,107.887878787879,16.2407234594044,178,259
"544","241931/6942875",2,13,2006,10.0714285714286,3.40296089562352,28.1575757575758,21.7236051091755,155,292
"545","241931/6942875",2,13,2007,9.51428571428571,1.40295606284934,24.6333333333333,16.3368576129765,151,240
"546","241931/6942875",2,13,2008,8.33333333333333,3.86992678655984,46.0818181818182,20.4758463583538,157,273
"547","241931/6942875",2,13,2009,12.1047619047619,3.55576661079945,6.37272727272727,6.98096844675189,140,272
"548","241931/6942875",2,13,2010,9.77142857142857,2.33819221988759,38.4636363636364,25.0978064054139,153,268
"549","241931/6942875",2,13,2011,9.8,3.25637835639534,4.44848484848485,6.84041853672535,133,281
"550","241931/6942875",2,13,2012,8.73333333333333,2.38607068908977,76.1575757575758,27.0709257126422,168,283
"551","241931/6942875",2,13,2013,8.92857142857143,2.12817829543083,20.0636363636364,22.2741276229539,141,292
"552","241931/6942875",2,13,2014,10.3,4.83094193713814,6.9030303030303,6.96569652154779,140,281
"553","241931/6942875",2,13,2015,8.74761904761905,4.26703867425865,29.9030303030303,12.6204567282766,159,320
"554","241931/6942875",2,13,2016,7.71904761904762,2.05222295270739,28.2727272727273,23.4934601635124,150,303
"555","241931/6942875",2,13,2017,5.73333333333333,2.79040021024464,77.4393939393939,34.4117979350282,163,281
"556","241931/6942875",2,13,2018,10.1571428571429,2.86436230749035,13.6090909090909,20.0670806863561,136,267
"557","241931/6942875",2,13,2019,6.34285714285714,3.2046172046863,25.3575757575758,19.4053315854018,145,261
"558","241931/6942875",2,13,2020,7.01428571428571,5.41288146131852,113.836363636364,17.0241339387246,169,261
"559","404530/7210836",3,2,1990,10.6904761904762,1.58458346637366,120.345454545455,38.5020623709715,166,317
"560","404530/7210836",3,2,1991,12.247619047619,3.03769963090807,52.3212121212121,30.2934270673499,157,294
"561","404530/7210836",3,2,1992,9.52857142857143,2.40855617687088,193.812121212121,43.534646817045,171,286
"562","404530/7210836",3,2,1993,11.1333333333333,2.86571689692707,194.024242424242,41.9589533823163,188,287
"563","404530/7210836",3,2,1994,12.1,3.46972621398288,46.3909090909091,35.1196469554113,154,275
"564","404530/7210836",3,2,1995,8.28095238095238,1.75174742689095,293.951515151515,33.7327096563199,201,295
"565","404530/7210836",3,2,1996,10.3904761904762,1.69230752580752,106.533333333333,35.9602963929202,164,288
"566","404530/7210836",3,2,1997,13.7761904761905,3.49369500127083,270.360606060606,40.8839893738516,188,291
"567","404530/7210836",3,2,1998,12.8761904761905,2.31644226388329,145.227272727273,34.8565746374274,175,294
"568","404530/7210836",3,2,1999,12.847619047619,3.29948769472157,44.9181818181818,31.4383568923522,151,320
"569","404530/7210836",3,2,2000,11.3333333333333,3.12543330329305,193.851515151515,48.4979453251122,183,304
"570","404530/7210836",3,2,2001,14.3857142857143,2.35229371343923,42.7757575757576,35.4508729644193,151,306
"571","404530/7210836",3,2,2002,13.5619047619048,2.7133883228311,75.5727272727273,49.2795106555914,155,292
"572","404530/7210836",3,2,2003,14.7095238095238,2.36704557664291,108.378787878788,48.0705000336469,162,293
"573","404530/7210836",3,2,2004,11.8095238095238,1.77028380829311,134.827272727273,44.2980055471411,173,303
"574","404530/7210836",3,2,2005,13.9,4.75573338192965,265.539393939394,34.5833950346291,192,298
"575","404530/7210836",3,2,2006,12.9809523809524,3.31053153551194,45.1909090909091,39.2365770330788,150,298
"576","404530/7210836",3,2,2007,14.8714285714286,2.90036943459671,130.039393939394,45.3743453079073,162,284
"577","404530/7210836",3,2,2008,12.4047619047619,3.57777531302291,187.993939393939,38.5147450610959,177,313
"578","404530/7210836",3,2,2009,15.4619047619048,2.69044163483919,151.381818181818,50.3204012711635,174,279
"579","404530/7210836",3,2,2010,12.9095238095238,2.90497930490129,88.6787878787879,46.8070958668111,159,293
"580","404530/7210836",3,2,2011,13.9761904761905,3.52985902861641,149.142424242424,47.8127992167306,168,331
"581","404530/7210836",3,2,2012,13.1809523809524,2.72774981397104,178.366666666667,38.9220829564229,180,299
"582","404530/7210836",3,2,2013,12.6666666666667,2.58850020925889,65.4,51.6386301619243,149,290
"583","404530/7210836",3,2,2014,16.0761904761905,5.04290638044221,22.0818181818182,23.5823749671425,141,292
"584","404530/7210836",3,2,2015,11.2333333333333,2.71409899107113,92.2545454545455,41.9293758219483,163,321
"585","404530/7210836",3,2,2016,12.4428571428571,2.60049445847735,96.7393939393939,41.6364018873054,160,306
"586","404530/7210836",3,2,2017,10.0142857142857,2.99754661586533,220.012121212121,39.4819559860558,183,302
"587","404530/7210836",3,2,2018,11.9190476190476,3.26995704063816,84.0575757575758,57.291349861383,154,297
"588","404530/7210836",3,2,2019,9.45238095238095,2.56799903575119,81.3757575757576,41.5277394513522,159,295
"589","404530/7210836",3,2,2020,11.4333333333333,4.18537134951408,346.012121212121,21.4876382714539,202,297
"590","418107/7188887",3,3,1990,8.78571428571428,1.41960759165542,140.627272727273,32.1100186149829,179,282
"591","418107/7188887",3,3,1991,10.7142857142857,3.12862361339387,85.5484848484848,26.4727822632525,168,274
"592","418107/7188887",3,3,1992,7.97619047619048,2.4889565608714,231.375757575758,35.1514671662421,194,284
"593","418107/7188887",3,3,1993,8.93809523809524,2.55038745889251,169.472727272727,38.9933509775006,194,281
"594","418107/7188887",3,3,1994,10.8904761904762,3.56495508553821,70.8878787878788,27.7299900556212,166,275
"595","418107/7188887",3,3,1995,6.91904761904762,1.83782998332791,229.775757575758,26.5224790308032,199,289
"596","418107/7188887",3,3,1996,8.75238095238095,1.40378739402341,83.4848484848485,27.2306940924681,164,285
"597","418107/7188887",3,3,1997,11.9857142857143,3.3647118322801,298.575757575758,33.9156124659337,203,291
"598","418107/7188887",3,3,1998,10.7761904761905,2.18561313180187,129.809090909091,27.5438895632539,181,289
"599","418107/7188887",3,3,1999,10.9904761904762,3.05710725390928,94.0393939393939,32.1215070026487,165,302
"600","418107/7188887",3,3,2000,9.3,2.99031770887309,137.606060606061,42.6380620704226,182,303
"601","418107/7188887",3,3,2001,12.8571428571429,2.46588147090882,48.0121212121212,29.7305162835234,158,272
"602","418107/7188887",3,3,2002,11.2380952380952,2.49428871433846,101.027272727273,45.5823038081068,163,267
"603","418107/7188887",3,3,2003,12.8190476190476,2.37183874823291,106.963636363636,39.9818225743104,170,268
"604","418107/7188887",3,3,2004,9.82380952380952,1.82452864102068,92.2,34.4172286071961,173,286
"605","418107/7188887",3,3,2005,12.2428571428571,4.91595071461985,188.70303030303,22.8630772869774,189,260
"606","418107/7188887",3,3,2006,11.352380952381,3.44769764446058,23.9515151515152,24.180804903013,148,292
"607","418107/7188887",3,3,2007,12.2857142857143,2.62950294053567,129.872727272727,37.065442739222,172,283
"608","418107/7188887",3,3,2008,10.352380952381,3.59313498878334,85.0030303030303,26.9358553424669,163,297
"609","418107/7188887",3,3,2009,13.6142857142857,3.35637985250265,56.0090909090909,36.2545028551313,158,272
"610","418107/7188887",3,3,2010,11.2095238095238,2.79050260023257,78.4333333333333,37.2060030998583,161,287
"611","418107/7188887",3,3,2011,12.3333333333333,3.70234160138328,80.7424242424242,38.8266824353999,163,283
"612","418107/7188887",3,3,2012,11.0380952380952,2.75435585763281,170.090909090909,30.0573136236878,188,297
"613","418107/7188887",3,3,2013,10.6571428571429,2.44592956328906,61.6575757575758,46.8123583462679,151,290
"614","418107/7188887",3,3,2014,13.6142857142857,4.99372463340598,100,39.7527357549138,162,292
"615","418107/7188887",3,3,2015,9.26190476190476,2.79490182125888,151.051515151515,35.8700791155745,183,304
"616","418107/7188887",3,3,2016,10.5857142857143,2.39922606568987,124.209090909091,34.1075996263696,174,301
"617","418107/7188887",3,3,2017,8.06190476190476,3.02695824062312,263.042424242424,32.4769825251576,206,286
"618","418107/7188887",3,3,2018,10.652380952381,3.84325630782271,57.6090909090909,46.0683077318098,152,268
"619","418107/7188887",3,3,2019,7.87619047619048,3.01561018069391,78.6878787878788,30.3335803769494,165,282
"620","418107/7188887",3,3,2020,9.31428571428571,4.07692110719422,301.590909090909,16.9538042124099,210,292
"621","427695/7199383",3,4,1990,9.63809523809524,1.4941473121738,123.987878787879,33.6104685847259,168,282
"622","427695/7199383",3,4,1991,11.3285714285714,3.01631279166184,86.2212121212121,27.570327772532,164,294
"623","427695/7199383",3,4,1992,8.59523809523809,2.36885546002203,193.760606060606,35.9865334135036,175,288
"624","427695/7199383",3,4,1993,9.95238095238095,2.66582427170642,177.324242424242,37.6656261588652,187,287
"625","427695/7199383",3,4,1994,11.3190476190476,3.48046247611133,48.5606060606061,29.2952528086243,156,275
"626","427695/7199383",3,4,1995,7.48095238095238,1.70722554093449,220.851515151515,25.8858083852441,190,296
"627","427695/7199383",3,4,1996,9.48571428571429,1.46502072145267,96.1363636363636,28.7438995504026,163,306
"628","427695/7199383",3,4,1997,12.847619047619,3.43956669474791,288.606060606061,34.6483129044,194,287
"629","427695/7199383",3,4,1998,11.6809523809524,2.22567271799316,123.833333333333,28.0329233521348,175,294
"630","427695/7199383",3,4,1999,11.7238095238095,3.13143812998194,65.5575757575758,32.7010514959289,157,318
"631","427695/7199383",3,4,2000,10.2238095238095,3.01129619298812,135.393939393939,42.3611477313967,175,303
"632","427695/7199383",3,4,2001,13.452380952381,2.39616757502873,40.0212121212121,31.282810351451,152,272
"633","427695/7199383",3,4,2002,12.2428571428571,2.579451768995,56.7818181818182,42.5139495823537,151,292
"634","427695/7199383",3,4,2003,13.652380952381,2.35555068882396,82.9878787878788,41.4557652623233,158,297
"635","427695/7199383",3,4,2004,10.7190476190476,1.76454499733474,45.6393939393939,34.5088026758567,155,286
"636","427695/7199383",3,4,2005,12.8380952380952,4.78105387864184,141.148484848485,26.450036876299,175,298
"637","427695/7199383",3,4,2006,11.952380952381,3.35776995156295,8.69090909090909,16.0701463052683,133,293
"638","427695/7199383",3,4,2007,13.3809523809524,2.71452004001058,81.7909090909091,37.2393052066325,157,284
"639","427695/7199383",3,4,2008,11.2761904761905,3.56677792438845,71.9939393939394,29.9964158212479,157,302
"640","427695/7199383",3,4,2009,14.3952380952381,3.00973025211167,34.1090909090909,32.0141410516154,146,272
"641","427695/7199383",3,4,2010,11.9,2.78567765543682,41.1151515151515,34.1222720632372,147,290
"642","427695/7199383",3,4,2011,13.1238095238095,3.62214090862086,45.9606060606061,36.3511170684095,152,283
"643","427695/7199383",3,4,2012,11.9904761904762,2.71641395260457,110.066666666667,31.6734477388659,170,299
"644","427695/7199383",3,4,2013,11.5761904761905,2.45782520979519,27.4878787878788,29.8300578022378,140,290
"645","427695/7199383",3,4,2014,14.7571428571429,4.95818227060799,39.4818181818182,31.661574251621,146,292
"646","427695/7199383",3,4,2015,10.1571428571429,2.66431443875745,70.1939393939394,36.8161813897261,158,304
"647","427695/7199383",3,4,2016,11.4952380952381,2.3648416840195,87.8787878787879,37.9106248100034,158,301
"648","427695/7199383",3,4,2017,9.02857142857143,2.98046017539957,177.175757575758,31.8820485373728,179,298
"649","427695/7199383",3,4,2018,11.4,3.63042697213427,30.369696969697,34.6918351781843,142,281
"650","427695/7199383",3,4,2019,8.84285714285714,2.98589541487498,34.7090909090909,26.9196763961368,148,285
"651","427695/7199383",3,4,2020,10.1714285714286,3.76206630153468,212.378787878788,16.6119828282131,181,292
"652","428666/7219247",3,1,1990,9.83333333333333,1.54509978102818,82.0969696969697,33.8745247646414,160,282
"653","428666/7219247",3,1,1991,11.4761904761905,2.93579712546776,64.4878787878788,28.1383385878564,160,294
"654","428666/7219247",3,1,1992,8.76666666666667,2.36607973942835,120.451515151515,37.7102449707977,161,288
"655","428666/7219247",3,1,1993,10.3,2.65857104475318,138.469696969697,37.8086918317773,179,287
"656","428666/7219247",3,1,1994,11.3571428571429,3.45348685078884,17.269696969697,22.095170355313,143,275
"657","428666/7219247",3,1,1995,7.55238095238095,1.70722554093449,174.230303030303,25.6690534112636,179,296
"658","428666/7219247",3,1,1996,9.61904761904762,1.52892741738091,84.9636363636364,29.4988645775331,161,288
"659","428666/7219247",3,1,1997,12.9857142857143,3.4796962100571,215.460606060606,33.5967719747182,183,291
"660","428666/7219247",3,1,1998,12.0238095238095,2.27154237510656,112.863636363636,29.4487777567022,172,294
"661","428666/7219247",3,1,1999,11.8380952380952,3.21503906515554,50.0060606060606,30.9870027127699,153,318
"662","428666/7219247",3,1,2000,10.4428571428571,3.05459840708585,140.409090909091,42.1587725422922,176,304
"663","428666/7219247",3,1,2001,13.3714285714286,2.38036611829837,54.0878787878788,33.6717681965894,157,304
"664","428666/7219247",3,1,2002,12.5619047619048,2.71946248190266,65.0151515151515,43.9713125316675,153,291
"665","428666/7219247",3,1,2003,13.7952380952381,2.39049705929043,121.2,41.7515568571999,167,297
"666","428666/7219247",3,1,2004,10.9333333333333,1.74078526341802,87.3212121212121,38.1370452904371,164,303
"667","428666/7219247",3,1,2005,12.8809523809524,4.74653758518976,174.975757575758,26.1620793122296,183,298
"668","428666/7219247",3,1,2006,11.947619047619,3.3069047533334,20.5727272727273,25.9311018943381,143,293
"669","428666/7219247",3,1,2007,13.6333333333333,2.77080012511428,105.181818181818,38.7079889569441,160,284
"670","428666/7219247",3,1,2008,11.4857142857143,3.55109641016485,103.269696969697,32.2202623054236,161,302
"671","428666/7219247",3,1,2009,14.5238095238095,2.79408388598209,44.4969696969697,37.1819973647235,150,272
"672","428666/7219247",3,1,2010,11.9428571428571,2.78075015572623,48.1909090909091,37.594517250162,149,294
"673","428666/7219247",3,1,2011,13.2095238095238,3.55723273935018,44.4242424242424,35.8268582063707,152,283
"674","428666/7219247",3,1,2012,12.152380952381,2.71452004001058,123.672727272727,32.3943018979349,172,297
"675","428666/7219247",3,1,2013,11.7190476190476,2.47681631285387,35.6393939393939,35.5984808260298,142,290
"676","428666/7219247",3,1,2014,14.9904761904762,4.92106744130831,44.5909090909091,34.2932424432676,148,292
"677","428666/7219247",3,1,2015,10.247619047619,2.50412041396157,95.6878787878788,38.8990902655171,165,304
"678","428666/7219247",3,1,2016,11.6047619047619,2.38631016225389,114.963636363636,37.9936986402171,165,301
"679","428666/7219247",3,1,2017,9.11428571428571,2.95131931757404,207.475757575758,32.5539555037386,184,303
"680","428666/7219247",3,1,2018,11.3190476190476,3.56954045328233,40.2272727272727,40.1539558506325,146,281
"681","428666/7219247",3,1,2019,8.96666666666667,2.98501814623183,53.8454545454545,33.2180682282727,156,285
"682","428666/7219247",3,1,2020,10.2238095238095,3.6545731299161,254.575757575758,16.9235603210257,191,292
"683","439078/7242579",3,9,1990,8.31904761904762,1.50652548853946,249.945454545455,25.2495184472532,205,271
"684","439078/7242579",3,9,1991,10.052380952381,2.8802116324359,193.306060606061,20.032722284333,192,275
"685","439078/7242579",3,9,1992,7.53333333333333,2.56969518296107,305.624242424242,33.4081486158601,213,284
"686","439078/7242579",3,9,1993,8.64761904761905,2.44920784083733,247.930303030303,35.7860612254311,212,287
"687","439078/7242579",3,9,1994,10.147619047619,3.50921915069707,99.1121212121212,23.3669472435928,177,272
"688","439078/7242579",3,9,1995,6.2,1.76153342290176,285.266666666667,25.2946222874876,214,213
"689","439078/7242579",3,9,1996,8.19523809523809,1.4108423691101,136.066666666667,24.0813032593061,179,285
"690","439078/7242579",3,9,1997,11.3666666666667,3.41633331707158,375.99696969697,32.9755542490237,221,213
"691","439078/7242579",3,9,1998,10.5,2.35966099260042,215.109090909091,21.7740293072442,200,289
"692","439078/7242579",3,9,1999,10.2190476190476,3.21646063983675,135.333333333333,28.2630574543284,175,282
"693","439078/7242579",3,9,2000,8.73809523809524,2.96571680888048,250.821212121212,39.2239703304605,208,305
"694","439078/7242579",3,9,2001,11.8857142857143,2.6029379005819,127.351515151515,22.1150135825772,178,299
"695","439078/7242579",3,9,2002,10.6428571428571,2.69843870202223,192.715151515152,44.9785651811791,185,267
"696","439078/7242579",3,9,2003,12.3380952380952,2.52675210309128,225.457575757576,36.3621801318264,195,268
"697","439078/7242579",3,9,2004,9.23809523809524,1.80263035325498,180.593939393939,29.8866707266168,193,284
"698","439078/7242579",3,9,2005,11.5857142857143,5.09041115375622,304.178787878788,16.824698317796,216,213
"699","439078/7242579",3,9,2006,10.4142857142857,3.41969087993136,89.8393939393939,35.0326538692291,168,291
"700","439078/7242579",3,9,2007,11.5142857142857,2.75758693684999,267.109090909091,33.4269292976894,200,283
"701","439078/7242579",3,9,2008,9.71904761904762,3.6398652512997,151.990909090909,24.8577875578807,181,280
"702","439078/7242579",3,9,2009,12.8571428571429,3.30356949806893,118.812121212121,41.3443297017239,177,272
"703","439078/7242579",3,9,2010,10.4714285714286,2.71461652119463,160.139393939394,36.6021339831602,182,285
"704","439078/7242579",3,9,2011,11.7,3.63400605393002,164.209090909091,38.9307748095607,181,283
"705","439078/7242579",3,9,2012,10.3571428571429,2.88315303592637,260.163636363636,24.8790928565259,211,284
"706","439078/7242579",3,9,2013,10.0190476190476,2.40096210874288,119.09696969697,55.6231094333129,164,290
"707","439078/7242579",3,9,2014,13,4.86446297138749,277.548484848485,35.0271245002723,201,269
"708","439078/7242579",3,9,2015,8.51904761904762,2.47479676895277,321.939393939394,29.0079723890039,228,213
"709","439078/7242579",3,9,2016,9.95714285714286,2.34084844203366,194.278787878788,29.2110505371657,191,301
"710","439078/7242579",3,9,2017,7.38095238095238,2.95408514562784,356.651515151515,31.5210160172158,229,213
"711","439078/7242579",3,9,2018,9.78571428571428,3.96399870260898,96.5090909090909,50.40337515755,168,267
"712","439078/7242579",3,9,2019,7.26190476190476,3.28534262908394,156.090909090909,30.4755882186501,188,285
"713","439078/7242579",3,9,2020,8.55238095238095,3.95355777087158,415.872727272727,17.7214783653776,238,214
"714","440597/7225363",3,8,1990,8.5,1.47444904964532,232.472727272727,26.9720257017256,201,271
"715","440597/7225363",3,8,1991,10.2809523809524,2.96084769071613,196.236363636364,23.2054387237914,191,275
"716","440597/7225363",3,8,1992,7.67619047619048,2.51235044567926,276.824242424242,36.0400214197966,204,284
"717","440597/7225363",3,8,1993,8.78095238095238,2.44982020720278,255.651515151515,35.87074122119,213,287
"718","440597/7225363",3,8,1994,10.3809523809524,3.48735129397929,99.9090909090909,25.2794056946109,176,272
"719","440597/7225363",3,8,1995,6.45714285714286,1.77554820508243,263.718181818182,23.8847160144497,209,289
"720","440597/7225363",3,8,1996,8.30952380952381,1.39889412104875,138.712121212121,24.9831913190619,179,285
"721","440597/7225363",3,8,1997,11.5714285714286,3.44124147033347,362.039393939394,33.3316941831826,217,213
"722","440597/7225363",3,8,1998,10.5761904761905,2.30670864261284,225.560606060606,24.9531052600916,202,290
"723","440597/7225363",3,8,1999,10.4,3.16654385726773,146.593939393939,29.7081316666197,178,282
"724","440597/7225363",3,8,2000,8.93809523809524,2.96335556261414,259.575757575758,41.0582134772008,209,304
"725","440597/7225363",3,8,2001,12.1238095238095,2.58067912804067,141.972727272727,24.1712933136509,181,303
"726","440597/7225363",3,8,2002,10.8142857142857,2.67213130558468,200.684848484848,46.1569071294598,186,267
"727","440597/7225363",3,8,2003,12.5,2.46414285300183,232.242424242424,37.9364602847893,195,268
"728","440597/7225363",3,8,2004,9.42380952380952,1.80274922324342,201.957575757576,31.4281624333876,199,286
"729","440597/7225363",3,8,2005,11.7047619047619,5.04950256861764,304.121212121212,18.3627468937751,215,213
"730","440597/7225363",3,8,2006,10.6380952380952,3.42205730379785,99.3666666666667,36.8167053342184,170,293
"731","440597/7225363",3,8,2007,11.7619047619048,2.68113337797212,265.181818181818,35.0707272392648,199,283
"732","440597/7225363",3,8,2008,9.88095238095238,3.58114772770114,162.30303030303,25.445511451537,183,297
"733","440597/7225363",3,8,2009,13.0666666666667,3.32555759735617,115.29696969697,42.4449900227377,176,272
"734","440597/7225363",3,8,2010,10.6952380952381,2.74289558504807,152.787878787879,36.096561103308,180,286
"735","440597/7225363",3,8,2011,11.9047619047619,3.64135636686059,150.778787878788,39.9733720554677,179,283
"736","440597/7225363",3,8,2012,10.5714285714286,2.84923548643191,254.042424242424,25.8861935969619,209,297
"737","440597/7225363",3,8,2013,10.2380952380952,2.3940501645697,106.548484848485,54.9334888820797,160,290
"738","440597/7225363",3,8,2014,13.2142857142857,4.86264184515842,233.224242424242,35.0208868953856,193,269
"739","440597/7225363",3,8,2015,8.73809523809524,2.48665964508137,288.075757575758,31.1662580997365,218,213
"740","440597/7225363",3,8,2016,10.1761904761905,2.31752125381943,209.681818181818,31.2426136725292,193,301
"741","440597/7225363",3,8,2017,7.63333333333333,2.9360404175238,357.330303030303,32.8917968957353,228,213
"742","440597/7225363",3,8,2018,10.0666666666667,3.84660023050659,97.0606060606061,51.0840847243171,167,268
"743","440597/7225363",3,8,2019,7.56666666666667,3.21936846809018,157.133333333333,31.8234845148464,187,285
"744","440597/7225363",3,8,2020,8.76666666666667,3.88604340342891,394.427272727273,17.6068394510357,232,214
"745","441863/7216225",3,5,1990,8.9952380952381,1.47833561496576,150.412121212121,27.9114196787775,175,282
"746","441863/7216225",3,5,1991,10.7238095238095,2.93971168006401,117.654545454545,22.5841909710793,171,275
"747","441863/7216225",3,5,1992,8.08095238095238,2.45084047779921,195.112121212121,35.4072446468918,176,285
"748","441863/7216225",3,5,1993,9.24761904761905,2.47681631285387,202.487878787879,34.1140711215306,195,286
"749","441863/7216225",3,5,1994,10.7571428571429,3.48375823336974,73.7515151515152,25.7280625146468,164,275
"750","441863/7216225",3,5,1995,6.87142857142857,1.70503456186168,211.6,21.663967780626,191,289
"751","441863/7216225",3,5,1996,8.79047619047619,1.40032309197012,105.333333333333,24.7706563632591,167,285
"752","441863/7216225",3,5,1997,12.0904761904762,3.42854265860945,291.193939393939,32.2115947621538,196,283
"753","441863/7216225",3,5,1998,11.0142857142857,2.24528076513511,163.842424242424,25.3854538848411,182,294
"754","441863/7216225",3,5,1999,10.9190476190476,3.1577870491246,108.406060606061,29.000053226179,165,301
"755","441863/7216225",3,5,2000,9.49047619047619,2.94311140834063,168.272727272727,39.2649754291856,183,304
"756","441863/7216225",3,5,2001,12.647619047619,2.51209455387711,88.1515151515152,29.1443510951535,168,303
"757","441863/7216225",3,5,2002,11.3904761904762,2.65422394720279,129.027272727273,46.1760508321635,163,291
"758","441863/7216225",3,5,2003,12.952380952381,2.43282121160168,140.466666666667,36.5128459130025,173,268
"759","441863/7216225",3,5,2004,9.94285714285714,1.76453150398949,121.506060606061,31.9477497192089,175,286
"760","441863/7216225",3,5,2005,12.1,4.9002040773829,199.136363636364,18.4983921291456,187,260
"761","441863/7216225",3,5,2006,11.1571428571429,3.38076491767343,41.3787878787879,33.0768022711514,151,293
"762","441863/7216225",3,5,2007,12.3904761904762,2.6515853299309,167.954545454545,33.3597164529044,174,283
"763","441863/7216225",3,5,2008,10.4428571428571,3.52981181206186,101.912121212121,25.6568187522313,161,297
"764","441863/7216225",3,5,2009,13.5380952380952,3.18189820554904,56.2606060606061,38.7874088735148,153,272
"765","441863/7216225",3,5,2010,11.1666666666667,2.74906044555832,82.9,37.2815554262426,160,287
"766","441863/7216225",3,5,2011,12.3952380952381,3.59784326930401,74.0090909090909,37.4080319219379,159,283
"767","441863/7216225",3,5,2012,11.147619047619,2.77373737899229,154.178787878788,26.505951661558,182,297
"768","441863/7216225",3,5,2013,10.7952380952381,2.38651968156062,55.6060606060606,45.7561672031346,147,290
"769","441863/7216225",3,5,2014,13.7809523809524,4.85434022783931,123.127272727273,39.1941503346424,163,292
"770","441863/7216225",3,5,2015,9.31904761904762,2.48688943212581,167.324242424242,31.2941491167182,184,304
"771","441863/7216225",3,5,2016,10.7,2.30954540981553,135.836363636364,32.0323744259403,171,301
"772","441863/7216225",3,5,2017,8.18095238095238,2.89372062362956,227.981818181818,28.5279079865823,192,298
"773","441863/7216225",3,5,2018,10.6047619047619,3.71005069917868,47.6969696969697,42.8313223941347,148,268
"774","441863/7216225",3,5,2019,8.15238095238095,3.10992267550482,73.4060606060606,32.7665887318349,160,285
"775","441863/7216225",3,5,2020,9.33333333333333,3.75903356374126,267.469696969697,15.8516064810575,195,292
"776","449935/7199315",3,6,1990,9.21904761904762,1.43861706079799,133.784848484848,30.2168942937155,171,282
"777","449935/7199315",3,6,1991,10.9190476190476,3.03737041659707,88.1090909090909,24.1443492824455,165,275
"778","449935/7199315",3,6,1992,8.23333333333333,2.40901086202062,193.512121212121,36.4219950508597,174,285
"779","449935/7199315",3,6,1993,9.42857142857143,2.51538125482855,177.569696969697,36.2249955559735,189,281
"780","449935/7199315",3,6,1994,11.0428571428571,3.4520387350914,69.8787878787879,26.3098811948068,163,275
"781","449935/7199315",3,6,1995,7.17619047619048,1.67448641735452,192.015151515152,23.0518318308454,184,289
"782","449935/7199315",3,6,1996,9.05238095238095,1.36587665900661,82.7151515151515,26.3040766946414,162,306
"783","449935/7199315",3,6,1997,12.4,3.35454915003492,266.336363636364,31.672423121126,192,291
"784","449935/7199315",3,6,1998,11.1238095238095,2.21921264458924,127.954545454545,26.1673352066691,177,294
"785","449935/7199315",3,6,1999,11.1952380952381,3.08325739932238,80.8848484848485,30.6758264070844,161,302
"786","449935/7199315",3,6,2000,9.76190476190476,2.89990968660684,119.157575757576,41.4466074478888,172,305
"787","449935/7199315",3,6,2001,13.0857142857143,2.5058502976606,48.2,30.2283496903155,156,303
"788","449935/7199315",3,6,2002,11.6047619047619,2.5877550483916,73.4545454545455,44.867311952224,155,292
"789","449935/7199315",3,6,2003,13.1952380952381,2.38547190100328,69.1727272727273,37.7331773172436,156,293
"790","449935/7199315",3,6,2004,10.1666666666667,1.77294481959629,49.9939393939394,32.3357864775424,156,286
"791","449935/7199315",3,6,2005,12.3952380952381,4.86543689615601,127.745454545455,23.0754075114218,174,298
"792","449935/7199315",3,6,2006,11.5238095238095,3.37992673913278,10.0363636363636,17.6597674493079,134,293
"793","449935/7199315",3,6,2007,12.6047619047619,2.6727282298199,105.009090909091,34.7345232049143,160,283
"794","449935/7199315",3,6,2008,10.6428571428571,3.49121346075708,62.3242424242424,26.2214610374669,156,302
"795","449935/7199315",3,6,2009,13.8238095238095,3.20435715267583,35.7848484848485,32.2603096041804,147,272
"796","449935/7199315",3,6,2010,11.5380952380952,2.76414113070881,46.5484848484848,34.028821618704,150,287
"797","449935/7199315",3,6,2011,12.7190476190476,3.59828001239746,37.0090909090909,31.9955696506989,150,283
"798","449935/7199315",3,6,2012,11.4571428571429,2.72590745047799,113.860606060606,28.2209024859449,173,292
"799","449935/7199315",3,6,2013,11.0761904761905,2.37400605768072,35.0939393939394,34.5046458773483,142,290
"800","449935/7199315",3,6,2014,14.0333333333333,4.9220253283921,64.6333333333333,37.3719703342848,154,292
"801","449935/7199315",3,6,2015,9.67142857142857,2.54325438309715,120.10303030303,32.5299523982176,173,304
"802","449935/7199315",3,6,2016,11.0571428571429,2.28507580368167,71.3848484848485,34.7167207661895,155,301
"803","449935/7199315",3,6,2017,8.57142857142857,2.90708494150805,162.145454545455,29.9902076821449,176,298
"804","449935/7199315",3,6,2018,11.1714285714286,3.62713976255987,21.830303030303,27.9150327427768,139,268
"805","449935/7199315",3,6,2019,8.65238095238095,3.09767962314037,32.3424242424242,25.5297991362916,148,285
"806","449935/7199315",3,6,2020,9.83809523809524,3.79782519219568,184.651515151515,16.5340769551123,177,292
"807","456273/7238707",3,10,1990,8.72857142857143,1.54374313185285,155.345454545455,20.9793662158365,177,271
"808","456273/7238707",3,10,1991,10.352380952381,2.84281885592787,127.639393939394,19.6717109606971,174,275
"809","456273/7238707",3,10,1992,7.83809523809524,2.49629248896763,210.054545454545,32.8360043522074,180,284
"810","456273/7238707",3,10,1993,9.06666666666667,2.40838811933071,177.757575757576,32.9820692792219,192,286
"811","456273/7238707",3,10,1994,10.3761904761905,3.48868238191796,67.230303030303,23.0575839590861,164,272
"812","456273/7238707",3,10,1995,6.5,1.70146995271736,183.70303030303,20.3677822315122,186,289
"813","456273/7238707",3,10,1996,8.53809523809524,1.41755994246317,77.230303030303,22.3788891151975,162,285
"814","456273/7238707",3,10,1997,11.747619047619,3.38830622105191,283.448484848485,29.0321817257604,196,283
"815","456273/7238707",3,10,1998,10.8285714285714,2.38540203260223,139.857575757576,21.1428331578196,180,294
"816","456273/7238707",3,10,1999,10.5857142857143,3.20987316171305,72.6272727272727,27.5172022643027,160,282
"817","456273/7238707",3,10,2000,9.13809523809524,2.92804989548952,154.269696969697,37.3665582845183,182,304
"818","456273/7238707",3,10,2001,12.2571428571429,2.54824869833606,65.9121212121212,24.639282121946,163,272
"819","456273/7238707",3,10,2002,11.0380952380952,2.73997740692806,98.5030303030303,43.3779860992912,159,267
"820","456273/7238707",3,10,2003,12.6714285714286,2.48156056890475,124.966666666667,34.4656501703749,171,268
"821","456273/7238707",3,10,2004,9.65714285714286,1.8034886826846,100.457575757576,29.040349411455,171,286
"822","456273/7238707",3,10,2005,11.8857142857143,4.96168174254312,213.466666666667,17.3269419306081,189,260
"823","456273/7238707",3,10,2006,10.7571428571429,3.36638848449959,22.369696969697,25.3099842558288,145,293
"824","456273/7238707",3,10,2007,11.9285714285714,2.77725455389722,163.709090909091,30.9116620755457,175,283
"825","456273/7238707",3,10,2008,10.0380952380952,3.55253095559718,105.018181818182,22.6286662022071,163,297
"826","456273/7238707",3,10,2009,13.0809523809524,3.16790451996569,66.3787878787879,39.2136994363558,159,272
"827","456273/7238707",3,10,2010,10.8380952380952,2.69897687846269,108.139393939394,35.8522309225132,166,286
"828","456273/7238707",3,10,2011,12.0952380952381,3.57567842380662,102.045454545455,35.8602242298927,163,283
"829","456273/7238707",3,10,2012,10.8333333333333,2.85189995149433,191.612121212121,23.8065216586726,190,299
"830","456273/7238707",3,10,2013,10.4380952380952,2.33762190922232,65.1515151515152,48.7099266141674,149,290
"831","456273/7238707",3,10,2014,13.3619047619048,4.820630269008,167.587878787879,34.7798950326888,176,269
"832","456273/7238707",3,10,2015,8.97142857142857,2.35735929742219,199.066666666667,29.5167925369046,191,300
"833","456273/7238707",3,10,2016,10.4333333333333,2.24996296265813,119.915151515152,31.2159326427639,169,301
"834","456273/7238707",3,10,2017,7.93333333333333,2.83572448120993,253.239393939394,28.6075813748945,198,298
"835","456273/7238707",3,10,2018,10.452380952381,3.69954308633094,61.5787878787879,47.5224733519295,151,268
"836","456273/7238707",3,10,2019,8.02380952380952,3.11943981540032,102.027272727273,30.0080642570384,167,276
"837","456273/7238707",3,10,2020,9.16190476190476,3.84011408560686,323.954545454545,17.0797045295925,205,292
"838","463777/7252202",3,11,1990,8.97142857142857,1.56113511815693,94.7363636363636,21.1539862995993,165,282
"839","463777/7252202",3,11,1991,10.452380952381,2.77499892749872,87.2242424242424,20.5398397982894,166,275
"840","463777/7252202",3,11,1992,8.03333333333333,2.47998655910336,141.790909090909,32.19840216956,165,284
"841","463777/7252202",3,11,1993,9.37142857142857,2.41291169692197,117.384848484848,33.3847000998598,178,286
"842","463777/7252202",3,11,1994,10.4285714285714,3.46094537043607,37.6606060606061,23.8193453335983,156,278
"843","463777/7252202",3,11,1995,6.54761904761905,1.67887433943671,129.057575757576,20.9162471284739,172,289
"844","463777/7252202",3,11,1996,8.78095238095238,1.46069129100541,51.6787878787879,22.9151799793248,156,285
"845","463777/7252202",3,11,1997,11.9285714285714,3.32883506006874,214.542424242424,27.3499432163834,185,286
"846","463777/7252202",3,11,1998,11.1380952380952,2.4297070174151,91.6272727272727,21.9622868903615,171,294
"847","463777/7252202",3,11,1999,10.8238095238095,3.26173339834892,34.7151515151515,23.7257523749527,149,282
"848","463777/7252202",3,11,2000,9.35238095238095,2.89562066707969,86.8030303030303,38.053387536858,164,304
"849","463777/7252202",3,11,2001,12.3190476190476,2.48125352344718,24.9939393939394,22.7671492972048,150,272
"850","463777/7252202",3,11,2002,11.2666666666667,2.81004151808,51.4272727272727,37.9737678595968,151,267
"851","463777/7252202",3,11,2003,12.8571428571429,2.49731284155018,66.0787878787879,35.0458963144738,156,268
"852","463777/7252202",3,11,2004,9.9,1.78409640995099,38.2818181818182,28.0805922140348,154,290
"853","463777/7252202",3,11,2005,12.0809523809524,4.85887014105327,135.612121212121,18.6288210438784,176,260
"854","463777/7252202",3,11,2006,10.8714285714286,3.29653497738805,7.19090909090909,13.616129305817,131,293
"855","463777/7252202",3,11,2007,12.1761904761905,2.78045046025006,101.145454545455,31.7772628119255,160,283
"856","463777/7252202",3,11,2008,10.2285714285714,3.56625053202139,50.7363636363636,23.6179859717893,155,279
"857","463777/7252202",3,11,2009,13.0904761904762,2.96022039076565,34.5,31.1345567657547,147,272
"858","463777/7252202",3,11,2010,10.952380952381,2.63735076309903,70.4454545454546,36.5132261217518,157,286
"859","463777/7252202",3,11,2011,12.2571428571429,3.50878489345976,53.2151515151515,34.5567750341026,156,283
"860","463777/7252202",3,11,2012,11.052380952381,2.82464494186775,124.845454545455,24.95179215644,176,299
"861","463777/7252202",3,11,2013,10.6428571428571,2.29860205963786,36.9666666666667,35.196507876019,143,292
"862","463777/7252202",3,11,2014,13.5571428571429,4.79901775664265,105.5,37.3859933665002,160,269
"863","463777/7252202",3,11,2015,9.12857142857143,2.25569121493676,135.142424242424,30.4933807397506,177,300
"864","463777/7252202",3,11,2016,10.7095238095238,2.21740947096037,63.1272727272727,30.8639987761558,154,303
"865","463777/7252202",3,11,2017,8.2,2.77073997336452,183.515151515152,28.4291237247576,182,298
"866","463777/7252202",3,11,2018,10.7095238095238,3.6188264343437,34.9757575757576,36.4633465817305,145,268
"867","463777/7252202",3,11,2019,8.33809523809524,3.06177663954708,52.5575757575758,30.9107488414531,157,276
"868","463777/7252202",3,11,2020,9.42857142857143,3.76459066262759,250.181818181818,16.6958163649134,189,292
"869","84115/6678605",1,8,1990,5.44761904761905,1.15092095628633,93.4424242424242,37.3406198922754,170,264
"870","84115/6678605",1,8,1991,10.352380952381,4.06959691463652,76.1818181818182,19.936578419852,170,274
"871","84115/6678605",1,8,1992,7.89523809523809,2.25820198177138,110.60303030303,40.7478640916343,163,292
"872","84115/6678605",1,8,1993,6.07142857142857,2.51120346789002,119.7,42.6457720647663,179,309
"873","84115/6678605",1,8,1994,10.0714285714286,2.62528909972652,102.009090909091,31.8998566183726,181,271
"874","84115/6678605",1,8,1995,8.62857142857143,4.01897286096123,154.209090909091,19.3873567634355,184,270
"875","84115/6678605",1,8,1996,7.54761904761905,2.22903993854284,3.09090909090909,3.41763474829117,134,284
"876","84115/6678605",1,8,1997,9.81904761904762,2.41942535483512,154.615151515152,24.3961077993514,181,290
"877","84115/6678605",1,8,1998,7.73809523809524,1.47325360697885,66.1636363636364,30.8594881902412,163,288
"878","84115/6678605",1,8,1999,8.8,3.02142350556819,134.281818181818,23.3070195239741,183,282
"879","84115/6678605",1,8,2000,7.3952380952381,2.43094142061799,109.390909090909,43.7569948953619,179,301
"880","84115/6678605",1,8,2001,10.947619047619,3.01821454632023,150.536363636364,39.15051738309,182,305
"881","84115/6678605",1,8,2002,7.31904761904762,2.30708019965043,95.8909090909091,44.7802786086992,163,280
"882","84115/6678605",1,8,2003,10.747619047619,2.38088618955612,84.8727272727273,23.2870843055662,164,280
"883","84115/6678605",1,8,2004,7.54285714285714,1.54679391923146,34.5787878787879,25.9890813320681,155,295
"884","84115/6678605",1,8,2005,9.73809523809524,3.14045795871815,120.30303030303,21.5977499529535,180,296
"885","84115/6678605",1,8,2006,10.2619047619048,3.19710434463378,57.0181818181818,28.0535142021621,161,299
"886","84115/6678605",1,8,2007,8.40476190476191,1.66597604738969,152.215151515152,24.8607386406272,184,304
"887","84115/6678605",1,8,2008,8.71428571428571,3.53585713997126,139.381818181818,37.1002986388373,181,279
"888","84115/6678605",1,8,2009,13.2380952380952,3.04080189924898,34.0363636363636,21.2998652898002,153,274
"889","84115/6678605",1,8,2010,10.352380952381,2.23128192920999,57.1787878787879,29.2598568602932,158,293
"890","84115/6678605",1,8,2011,10.3047619047619,2.49027632813634,4.97272727272727,7.44841731205667,135,292
"891","84115/6678605",1,8,2012,8.91904761904762,2.30447804233823,111,29.412029851746,176,283
"892","84115/6678605",1,8,2013,8.58095238095238,2.58642978787731,72.6,38.352330437667,159,295
"893","84115/6678605",1,8,2014,10.7238095238095,3.51921933984013,106.884848484848,36.705220347487,169,281
"894","84115/6678605",1,8,2015,7.89047619047619,3.02702903222033,128.081818181818,11.6006587783155,187,281
"895","84115/6678605",1,8,2016,7.84761904761905,1.95156835586639,94.4787878787879,32.7766280829015,164,303
"896","84115/6678605",1,8,2017,7.35714285714286,2.22431369832841,26.630303030303,23.0542767839354,147,284
"897","84115/6678605",1,8,2018,13.6,1.96290600895713,59.8606060606061,43.6596491296164,153,275
"898","84115/6678605",1,8,2019,9.38095238095238,3.59132552793799,18.3606060606061,14.7960285928763,146,277
"899","84115/6678605",1,8,2020,6.92857142857143,3.50144867978139,119.912121212121,16.4622248947355,173,294
"900","89550/6655342",1,5,1990,5.82380952380952,1.16786333186069,90.7454545454545,39.5740689317915,168,264
"901","89550/6655342",1,5,1991,10.6904761904762,4.10486354973034,56.3909090909091,21.8682184293263,163,273
"902","89550/6655342",1,5,1992,8.39047619047619,2.25275492717356,102.030303030303,42.1597889348405,160,292
"903","89550/6655342",1,5,1993,6.52380952380952,2.5897692487758,110.463636363636,43.0909707637648,174,290
"904","89550/6655342",1,5,1994,10.752380952381,2.57033442330352,78.4787878787879,33.6518921976885,171,271
"905","89550/6655342",1,5,1995,9.13333333333333,4.06452129202608,122.087878787879,19.9428363951783,176,270
"906","89550/6655342",1,5,1996,7.91428571428571,2.17354220439487,0.948484848484848,1.96836245584388,1,306
"907","89550/6655342",1,5,1997,10.0238095238095,2.40143806122597,126.139393939394,25.2192875022514,173,290
"908","89550/6655342",1,5,1998,8.07142857142857,1.47110259912178,27.7424242424242,24.6634601980216,150,288
"909","89550/6655342",1,5,1999,9.23809523809524,3.12289548183672,107.939393939394,26.3734115563613,175,284
"910","89550/6655342",1,5,2000,7.91904761904762,2.45756364060405,76.0181818181818,41.1765668686804,170,301
"911","89550/6655342",1,5,2001,11.3904761904762,3.02190416160155,108.818181818182,41.3883547521632,172,298
"912","89550/6655342",1,5,2002,7.62380952380952,2.28208342571098,76.6939393939394,41.5112179069852,160,280
"913","89550/6655342",1,5,2003,11.0714285714286,2.28103986312008,54.8393939393939,21.6565079623011,157,280
"914","89550/6655342",1,5,2004,7.72857142857143,1.38677426322486,21.5606060606061,22.4645545720633,149,316
"915","89550/6655342",1,5,2005,10.3666666666667,3.1246333118197,82.1363636363636,22.9043093404633,170,296
"916","89550/6655342",1,5,2006,10.5857142857143,3.09261793862186,59.2090909090909,30.986452318275,161,299
"917","89550/6655342",1,5,2007,8.85714285714286,1.59736389985859,130.2,28.206005566191,177,303
"918","89550/6655342",1,5,2008,9.12857142857143,3.50358999558208,141.793939393939,38.7531848642303,180,279
"919","89550/6655342",1,5,2009,13.5142857142857,3.22463729964871,33.1424242424242,21.5942849832865,153,274
"920","89550/6655342",1,5,2010,10.6619047619048,2.27474750037805,63.3515151515152,31.0136071065198,159,292
"921","89550/6655342",1,5,2011,10.5380952380952,2.44427416434331,6.63636363636364,9.25921224314663,137,292
"922","89550/6655342",1,5,2012,9.14761904761905,2.32671851490872,75.4757575757576,30.5912776611144,164,289
"923","89550/6655342",1,5,2013,8.97619047619048,2.72871852009414,73.5727272727273,39.6996794124908,159,294
"924","89550/6655342",1,5,2014,10.9285714285714,3.45791018639045,119.242424242424,39.2376336434729,171,291
"925","89550/6655342",1,5,2015,8.71428571428571,3.10697372281867,162.645454545455,16.6551060284281,191,281
"926","89550/6655342",1,5,2016,8.27619047619048,2.03197065970569,127.669696969697,36.3330125785119,171,303
"927","89550/6655342",1,5,2017,7.82857142857143,2.11993935223224,64.0424242424242,37.7117109654202,156,284
"928","89550/6655342",1,5,2018,14.4380952380952,1.86211605182819,119.924242424242,56.3881915292501,164,276
"929","89550/6655342",1,5,2019,9.86666666666667,3.58013035144439,38.5515151515152,22.7154424512836,156,277
"930","89550/6655342",1,5,2020,7.99047619047619,3.78323998206627,204.412121212121,19.7660023394931,191,294
"931","91604/6676020",1,9,1990,5.57142857142857,1.14111474319757,92.369696969697,37.6406652176911,169,264
"932","91604/6676020",1,9,1991,10.5333333333333,4.03922434798234,75.8424242424242,20.9403771202764,170,274
"933","91604/6676020",1,9,1992,8.03809523809524,2.29901635280748,103.142424242424,40.4947298291938,161,292
"934","91604/6676020",1,9,1993,6.2,2.51197133741609,110.936363636364,41.9475775386808,176,289
"935","91604/6676020",1,9,1994,10.2190476190476,2.55296279793088,105.254545454545,32.2172322960583,181,271
"936","91604/6676020",1,9,1995,8.74285714285714,4.01603927129347,159.333333333333,19.0408716099518,186,270
"937","91604/6676020",1,9,1996,7.60952380952381,2.19656658490125,2.63636363636364,3.17921159466248,119,284
"938","91604/6676020",1,9,1997,9.84285714285714,2.38402420888955,127.193939393939,23.8658875200821,174,290
"939","91604/6676020",1,9,1998,7.78095238095238,1.43548564869839,55.8515151515152,29.9459838836124,160,288
"940","91604/6676020",1,9,1999,8.84285714285714,3.04508972422348,110.239393939394,24.0086174554307,176,284
"941","91604/6676020",1,9,2000,7.4952380952381,2.43484623548925,77.2151515151515,41.5170907670272,171,301
"942","91604/6676020",1,9,2001,11.0428571428571,3.00442530753744,144.887878787879,39.2026526332702,180,298
"943","91604/6676020",1,9,2002,7.3952380952381,2.26019383913774,73.1363636363636,42.839305974346,158,288
"944","91604/6676020",1,9,2003,10.8047619047619,2.32410761163854,75.3666666666667,23.1713139823072,162,280
"945","91604/6676020",1,9,2004,7.57142857142857,1.48497234221478,21.7454545454545,21.9402753359702,150,297
"946","91604/6676020",1,9,2005,9.86666666666667,3.07998917747016,95.2575757575758,21.5838485664488,173,296
"947","91604/6676020",1,9,2006,10.2857142857143,3.16469362091905,43.2909090909091,26.6623724051842,158,299
"948","91604/6676020",1,9,2007,8.5,1.59937487788198,117.630303030303,24.9086014868419,176,310
"949","91604/6676020",1,9,2008,8.78571428571429,3.49846905292668,118.3,36.9178564518581,174,275
"950","91604/6676020",1,9,2009,13.2095238095238,3.14211787842289,23.1909090909091,17.3395386983832,150,274
"951","91604/6676020",1,9,2010,10.3904761904762,2.18607062143581,54.3363636363636,28.0008238515162,158,293
"952","91604/6676020",1,9,2011,10.2904761904762,2.43226330028325,2.05151515151515,3.58740167218222,131,292
"953","91604/6676020",1,9,2012,8.94761904761905,2.28399191058529,89.3757575757576,29.3066655206524,170,283
"954","91604/6676020",1,9,2013,8.70952380952381,2.64932156634576,59.5969696969697,36.2377176161841,155,294
"955","91604/6676020",1,9,2014,10.7428571428571,3.53731132762886,101.645454545455,37.0089777191722,167,281
"956","91604/6676020",1,9,2015,8.20952380952381,3.107234262476,115.030303030303,12.2017797074977,183,281
"957","91604/6676020",1,9,2016,7.9952380952381,1.94973746706478,93.2939393939394,32.2259982331225,164,298
"958","91604/6676020",1,9,2017,7.46666666666667,2.18044337998796,27.4545454545455,23.8105424511535,147,284
"959","91604/6676020",1,9,2018,13.752380952381,1.93871582435876,64.5424242424242,45.5209775152005,154,276
"960","91604/6676020",1,9,2019,9.44285714285714,3.55831019285439,22.7,17.0248531564886,149,277
"961","91604/6676020",1,9,2020,7.17619047619048,3.60359608750825,121.818181818182,17.0320920350645,174,294
"962","92539/6685081",1,7,1990,3.55238095238095,1.27499766573082,171.890909090909,26.4508785727947,200,264
"963","92539/6685081",1,7,1991,8.85714285714286,4.25024369049251,118.030303030303,11.0079086583376,188,267
"964","92539/6685081",1,7,1992,5.79047619047619,2.42464528579023,155.660606060606,34.3600234592646,180,292
"965","92539/6685081",1,7,1993,4.28095238095238,2.67985429596817,164.487878787879,32.5275629041717,202,257
"966","92539/6685081",1,7,1994,8.26666666666667,2.72696412395421,175.072727272727,12.6767324439126,205,271
"967","92539/6685081",1,7,1995,6.61428571428571,4.08928914535102,214.075757575758,14.4173729902293,207,269
"968","92539/6685081",1,7,1996,5.96666666666667,2.37177851692213,30.8757575757576,5.81189675918232,160,275
"969","92539/6685081",1,7,1997,8.12380952380952,2.5331610217088,166.030303030303,9.65454830793772,190,253
"970","92539/6685081",1,7,1998,5.97619047619048,1.53326604407218,134.224242424242,22.0367878543901,186,288
"971","92539/6685081",1,7,1999,7.06190476190476,3.12481618507012,158.945454545455,12.5149932807885,194,275
"972","92539/6685081",1,7,2000,5.44285714285714,2.54530379887577,164.448484848485,32.0108294293912,203,284
"973","92539/6685081",1,7,2001,9.2952380952381,3.08374385941443,167.378787878788,28.1445571733657,191,274
"974","92539/6685081",1,7,2002,5.67142857142857,2.4621419246548,126.70303030303,36.2933145087398,174,280
"975","92539/6685081",1,7,2003,9.04285714285714,2.55784507517,122.572727272727,12.1049130709206,178,280
"976","92539/6685081",1,7,2004,5.93809523809524,1.80152052180268,79.6090909090909,21.2683062859441,170,277
"977","92539/6685081",1,7,2005,7.68571428571429,3.28409587470977,159.024242424242,9.5970382899827,194,273
"978","92539/6685081",1,7,2006,8.55238095238095,3.3640182888354,78.2060606060606,17.5865882740574,169,292
"979","92539/6685081",1,7,2007,6.6,1.69026625121606,185.384848484848,10.8690248301113,199,259
"980","92539/6685081",1,7,2008,6.76190476190476,3.59214089234765,163.548484848485,20.9555201738725,193,275
"981","92539/6685081",1,7,2009,11.3380952380952,2.99223598509145,96.4636363636364,21.1095922832166,177,272
"982","92539/6685081",1,7,2010,8.55714285714286,2.37477818513044,89.7727272727273,20.8518175575787,172,268
"983","92539/6685081",1,7,2011,8.79523809523809,2.56602341970532,39.9606060606061,10.8531659952851,160,266
"984","92539/6685081",1,7,2012,7.08571428571429,2.37134681442545,163.987878787879,18.4303207645675,195,265
"985","92539/6685081",1,7,2013,7.07142857142857,2.69483633216247,104.309090909091,25.5722305885257,171,260
"986","92539/6685081",1,7,2014,8.91428571428571,3.61307150694333,121.681818181818,27.4269308179189,177,281
"987","92539/6685081",1,7,2015,6.08095238095238,3.37751669834792,125.590909090909,2.20005165228621,198,281
"988","92539/6685081",1,7,2016,6.14285714285714,2.04855349663401,115.263636363636,25.8077727896779,172,275
"989","92539/6685081",1,7,2017,5.69047619047619,2.32763931095536,29.0878787878788,21.7366590920695,148,278
"990","92539/6685081",1,7,2018,12.1047619047619,2.30683250160825,37.4878787878788,34.4470404894941,147,271
"991","92539/6685081",1,7,2019,7.65238095238095,3.75680969009864,16.3636363636364,12.7810606509646,146,277
"992","92539/6685081",1,7,2020,5.36190476190476,3.8720119047436,99.6878787878788,10.5033850964748,173,284
